ClienteID;Origem;Idade;Sal�rio Anual (R$);Nota (1-100);Profiss�o;Experi�ncia Trabalho;Tamanho Fam�lia;
1;Normal;19;15000;39;Sa�de;1;4;
2;Normal;21;35000;81;Engenheiro;3;3;
3;Promocao;20;86000;2;Engenheiro;1;1;
4;Promocao;23;59000;73;Advogado;0;2;.
5;Promocao;31;38000;48;Entretenimento;2;6;
6;Promocao;22;58000;84;Artista;0;2;
7;Promocao;35;31000;2;Sa�de;1;3;
8;Promocao;23;84000;90;Sa�de;1;3;
9;Normal;64;97000;3;Engenheiro;0;3;
10;Promocao;30;98000;80;Artista;1;4;
11;Normal;67;7000;14;Engenheiro;1;3;
12;Promocao;35;93000;95;Sa�de;4;4;
13;Promocao;58;80000;11;Executivo;0;5;
14;Promocao;24;91000;73;Advogado;1;1;
15;Normal;37;19000;13;Doutor;0;1;
16;Normal;22;51000;79;Sa�de;1;2;
17;Promocao;35;29000;31;Construcao;9;5;
18;Normal;20;89000;66;Sa�de;1;6;
19;Normal;52;20000;41;Entretenimento;1;4;
20;Promocao;35;62000;100;Artista;0;1;
21;Normal;35;96000;42;Construcao;12;1;
22;Normal;25;4000;73;Sa�de;3;4;
23;Promo��o;46;42000;67;Artista;13;2;
24;Normal;31;71000;85;Artista;5;2;
25;Promo��o;54;67000;10;Executivo;1;3;
26;Normal;29;52000;94;Artista;1;3;
27;Promo��o;45;68000;28;Sa�de;9;8;
28;Normal;35;78000;73;Artista;1;3;
29;Promo��o;40;18000;39;Artista;0;1;
30;Promo��o;23;20000;95;Artista;5;4;
31;Normal;60;39000;16;Artista;0;3;
32;Promo��o;21;34000;69;Doutor;1;2;
33;Normal;53;59000;4;Sa�de;1;3;
34;Normal;18;62000;92;Constru��o;9;7;
35;Promo��o;49;91000;10;Advogado;1;2;
36;Promo��o;21;95000;77;Sa�de;3;4;
37;Promo��o;42;14000;13;Doutor;5;1;
38;Promo��o;30;62000;69;Sa�de;1;5;
39;Promo��o;36;9000;34;Artista;8;2;
40;Promo��o;20;69000;83;Artista;8;2;
41;Promo��o;65;25000;43;Artista;4;1;
42;Normal;24;85000;92;Sa�de;0;2;
43;Normal;48;22000;55;Artista;14;3;
44;Promo��o;31;33000;69;Artista;1;2;
45;Promo��o;49;72000;24;Engenheiro;8;1;
46;Promo��o;24;3000;61;Advogado;4;2;
47;Promo��o;50;52000;63;Artista;0;4;
48;Promo��o;27;71000;50;Sa�de;12;1;
49;Promo��o;29;78000;38;Sa�de;0;4;
50;Promo��o;31;25000;38;Engenheiro;1;1;
51;Promo��o;49;88000;60;Artista;1;2;
52;Normal;33;97000;72;Artista;1;2;
53;Promo��o;31;74000;62;Artista;1;1;
54;Normal;59;68000;72;Entretenimento;0;2;
55;Promo��o;50;18000;46;Marketing;1;1;
56;Normal;47;95000;60;Artista;14;2;
57;Promo��o;51;71000;46;Sa�de;9;4;
58;Normal;69;8000;46;Doutor;8;2;
59;Promo��o;27;57000;59;Artista;1;3;
60;Normal;53;89000;46;Advogado;1;6;
61;Normal;70;84000;68;Artista;0;2;
62;Normal;19;50000;67;Artista;9;2;
63;Promo��o;67;50000;48;Advogado;0;3;
64;Promo��o;54;48000;55;Advogado;1;2;
65;Normal;63;63000;51;Advogado;7;2;
66;Normal;18;9000;71;Entretenimento;0;2;
67;Promo��o;43;3000;46;Doutor;0;2;
68;Promo��o;68;82000;56;Artista;8;4;
69;Normal;19;81000;71;Artista;0;4;
70;Promo��o;32;97000;43;Constru��o;2;2;
71;Normal;70;91000;55;Sa�de;8;2;
72;Promo��o;47;9000;50;Entretenimento;8;2;
73;Promo��o;60;44000;57;Artista;0;5;
74;Promo��o;60;10000;52;Sa�de;8;4;
75;Normal;59;89000;59;Artista;0;4;
76;Normal;26;49000;54;Constru��o;0;3;
77;Promo��o;45;67000;49;Doutor;0;2;
78;Normal;40;99000;60;Artista;4;3;
79;Promo��o;23;97000;48;Engenheiro;2;2;
80;Promo��o;49;97000;38;;1;1;
81;Normal;57;52000;51;Sa�de;0;4;
82;Normal;38;61000;55;Sa�de;6;3;
83;Normal;67;120000;53;Artista;8;1;
84;Promo��o;46;34000;52;Entretenimento;8;4;
85;Promo��o;21;24000;58;Marketing;1;3;
86;Normal;48;31000;46;Sa�de;7;5;
87;Promo��o;55;11000;66;Artista;0;3;
88;Promo��o;22;55000;63;Artista;5;2;
89;Promo��o;34;76000;68;Entretenimento;7;3;
90;Promo��o;50;56000;42;Doutor;0;2;
91;Promo��o;68;46000;63;Entretenimento;0;3;
92;Normal;18;36000;53;Artista;1;4;
93;Normal;48;88000;61;Artista;1;2;
94;Promo��o;40;31000;48;Entretenimento;1;2;
95;Promo��o;32;24000;50;Artista;0;1;
96;Normal;24;80000;71;Artista;10;1;
97;Promo��o;47;2000;55;Artista;0;1;
98;Promo��o;27;67000;58;Artista;0;2;
99;Normal;48;58000;42;Doutor;1;2;
100;Normal;20;80000;49;Engenheiro;3;3;
101;Promo��o;23;65000;49;Artista;0;4;
102;Promo��o;49;4000;44;Executivo;1;7;
103;Normal;67;98000;71;Artista;0;3;
104;Normal;26;52000;55;Executivo;0;5;
105;Normal;49;86000;63;Sa�de;10;2;
106;Promo��o;21;82000;38;Doutor;1;2;
107;Promo��o;66;43000;46;Constru��o;3;2;
108;Normal;54;78000;46;Advogado;1;1;
109;Normal;68;13000;43;Sa�de;6;5;
110;Normal;66;13000;48;Sa�de;9;3;
111;Normal;65;34000;64;Entretenimento;4;4;
112;Promo��o;19;25000;62;Artista;0;1;
113;Promo��o;38;71000;38;Doutor;1;5;
114;Normal;19;2000;58;Artista;1;1;
115;Promo��o;18;97000;44;Executivo;0;3;
116;Promo��o;19;51000;46;Executivo;8;4;
117;Promo��o;63;9000;39;Advogado;1;1;
118;Promo��o;49;79000;67;Artista;0;2;
119;Promo��o;51;84000;39;;2;7;
120;Promo��o;50;87000;65;Artista;1;2;
121;Normal;27;36000;56;Executivo;0;3;
122;Promo��o;38;50000;36;Executivo;1;4;
123;Promo��o;40;97000;54;Engenheiro;9;4;
124;Normal;39;6000;91;Sa�de;1;3;
125;Promo��o;23;12000;37;Entretenimento;9;2;
126;Promo��o;31;46000;78;Marketing;1;2;
127;Normal;43;89000;35;Engenheiro;0;7;
128;Normal;40;4000;100;Artista;0;2;
129;Normal;59;38000;11;Engenheiro;0;2;
130;Normal;38;64000;87;Entretenimento;8;5;
131;Normal;47;66000;9;Executivo;9;5;
132;Normal;39;26000;75;Advogado;0;2;
133;Promo��o;25;41000;30;Sa�de;6;4;
134;Promo��o;31;45000;79;Artista;5;1;
135;Normal;20;89000;5;Engenheiro;1;2;
136;Promo��o;29;92000;84;Executivo;5;5;
137;Promo��o;44;76000;15;Artista;5;2;
138;Normal;32;85000;85;Artista;3;4;
139;Normal;19;22000;15;Marketing;8;4;
140;Promo��o;35;15000;80;Artista;4;4;
141;Promo��o;57;32000;1;Engenheiro;0;2;
142;Normal;32;66000;100;Artista;0;5;
143;Promo��o;28;62000;36;Doutor;5;3;
144;Promo��o;32;85000;83;Advogado;1;2;
145;Normal;25;71000;12;Engenheiro;0;5;
146;Normal;28;26000;100;Marketing;8;5;
147;Normal;48;52000;36;Engenheiro;9;2;
148;Promo��o;32;38000;70;Advogado;1;1;
149;Promo��o;34;51000;18;Sa�de;7;4;
150;Normal;34;90000;100;Artista;6;3;
151;Normal;43;30000;17;Advogado;0;9;
152;Normal;39;41000;88;Engenheiro;0;1;
153;Promo��o;44;17000;16;Engenheiro;0;2;
154;Promo��o;38;92000;84;Artista;2;2;
155;Promo��o;47;80000;12;Sa�de;0;4;
156;Promo��o;27;10000;90;Marketing;8;4;
157;Normal;37;16000;1;Executivo;1;1;
158;Promo��o;30;87000;86;Artista;3;4;
159;Normal;34;66000;1;Advogado;1;2;
160;Promo��o;30;86000;81;Artista;3;3;
161;Promo��o;56;9000;43;Artista;1;1;
162;Promo��o;29;50000;79;Sa�de;1;5;
163;Normal;19;35000;5;Executivo;0;5;
164;Promo��o;31;58000;89;Sa�de;1;5;
165;Normal;50;47000;26;Doutor;0;2;
166;Promo��o;36;54000;83;Artista;5;3;
167;Normal;42;79000;20;Constru��o;9;3;
168;Promo��o;33;83000;100;Artista;0;5;
169;Promo��o;36;57000;35;Artista;0;3;
170;Normal;32;0;75;Artista;2;2;
171;Normal;40;69000;25;Artista;3;5;
172;Normal;28;4000;75;Executivo;0;2;
173;Normal;36;79000;10;Advogado;0;2;
174;Normal;36;99000;100;Artista;5;2;
175;Promo��o;52;20000;9;Advogado;0;2;
176;Promo��o;30;28000;94;Artista;3;4;
177;Normal;58;29000;22;Engenheiro;11;1;
178;Normal;27;45000;69;Sa�de;2;6;
179;Normal;59;86000;14;Sa�de;4;3;
180;Normal;35;42000;90;Engenheiro;8;1;
181;Promo��o;37;59000;40;Artista;7;2;
182;Promo��o;32;61000;94;Entretenimento;7;5;
183;Normal;46;11000;27;Artista;7;1;
184;Promo��o;29;66000;96;Artista;4;4;
185;Promo��o;41;39000;47;Artista;1;1;
186;Normal;30;72000;100;Artista;6;2;
187;Promo��o;54;14000;20;Advogado;1;2;
188;Normal;28;44000;68;Doutor;5;3;
189;Promo��o;41;76000;13;Engenheiro;8;2;
190;Promo��o;36;95000;93;Artista;4;2;
191;Promo��o;34;92000;31;Artista;5;3;
192;Promo��o;32;98000;77;Artista;8;2;
193;Normal;33;96000;8;Executivo;9;2;
194;Promo��o;38;45000;100;Artista;10;4;
195;Promo��o;47;8000;24;Artista;7;2;
196;Promo��o;35;46000;75;Executivo;1;3;
197;Promo��o;45;78000;36;Artista;0;2;
198;Normal;32;4000;86;Artista;1;5;
199;Normal;32;81000;18;Executivo;1;2;
200;Normal;30;33000;95;Artista;4;2;
201;Promo��o;21;40000;6;Sa�de;0;3;
202;Normal;34;85000;16;Sa�de;9;3;
203;Promo��o;16;60000;1;Engenheiro;6;8;
204;Promo��o;76;60000;35;Sa�de;4;2;
205;Promo��o;62;63000;67;Entretenimento;0;2;
206;Promo��o;63;10000;48;Sa�de;8;3;
207;Promo��o;19;55000;57;Sa�de;0;3;
208;Normal;46;93000;24;Artista;2;1;
209;Promo��o;48;15000;3;Doutor;0;2;
210;Promo��o;80;39000;29;Engenheiro;9;4;
211;Promo��o;1;57000;62;Engenheiro;0;2;
212;Promo��o;0;22000;80;Artista;0;1;
213;Normal;86;12000;75;Marketing;2;4;
214;Normal;49;50000;82;Advogado;8;1;
215;Normal;48;95000;68;Doutor;2;4;
216;Promo��o;46;66000;66;Sa�de;3;3;
217;Normal;79;20000;40;Doutor;6;2;
218;Promo��o;83;35000;95;Doutor;8;2;
219;Promo��o;66;71000;30;Executivo;9;2;
220;Promo��o;59;76000;57;;9;1;
221;Promo��o;39;84000;41;Artista;5;3;
222;Promo��o;95;72000;47;Engenheiro;4;2;
223;Normal;43;33000;67;Artista;4;3;
224;Promo��o;93;93000;33;Sa�de;1;5;
225;Promo��o;40;83000;44;Constru��o;4;1;
226;Promo��o;78;23000;4;Engenheiro;1;1;
227;Promo��o;25;40000;85;Artista;5;4;
228;Normal;76;89000;86;Sa�de;9;4;
229;Normal;0;33000;42;Marketing;0;1;
230;Normal;15;94000;30;Sa�de;7;2;
231;Promo��o;6;93000;22;Advogado;0;2;
232;Normal;84;7000;28;Sa�de;0;4;
233;Promo��o;67;18000;84;Advogado;0;2;
234;Promo��o;78;3000;10;Sa�de;0;4;
235;Promo��o;4;84000;42;Artista;0;1;
236;Promo��o;29;62000;30;Sa�de;0;4;
237;Normal;91;9000;96;Sa�de;1;5;
238;Normal;95;36000;35;;0;4;
239;Normal;55;37000;74;Advogado;1;4;
240;Promo��o;14;50000;19;Artista;1;2;
241;Normal;92;83000;16;Executivo;1;5;
242;Promo��o;65;79000;25;Artista;0;3;
243;Promo��o;84;40000;10;Sa�de;1;4;
244;Promo��o;77;47000;66;Artista;0;6;
245;Promo��o;53;4000;28;Artista;0;4;
246;Promo��o;28;38000;83;Entretenimento;7;2;
247;Normal;23;0;96;Doutor;1;3;
248;Promo��o;32;7000;24;Artista;1;2;
249;Promo��o;37;41000;13;Artista;1;2;
250;Promo��o;89;65000;1;Engenheiro;0;5;
251;Normal;80;20000;93;Engenheiro;1;3;
252;Promo��o;27;44000;61;Doutor;8;1;
253;Promo��o;78;3000;22;Artista;5;4;
254;Promo��o;86;72000;9;Advogado;7;3;
255;Promo��o;46;27000;28;Engenheiro;4;4;
256;Normal;59;85000;49;Advogado;4;2;
257;Normal;12;38000;25;Executivo;10;1;
258;Normal;79;73000;96;Constru��o;6;7;
259;Promo��o;79;64000;72;Artista;2;3;
260;Normal;26;26000;60;Executivo;6;4;
261;Promo��o;63;47000;24;Artista;2;3;
262;Promo��o;52;35000;81;Doutor;2;6;
263;Promo��o;32;31000;20;Advogado;2;3;
264;Promo��o;64;13000;34;Engenheiro;3;4;
265;Promo��o;37;79000;6;Constru��o;1;7;
266;Normal;7;82000;31;Entretenimento;0;2;
267;Promo��o;40;28000;76;Artista;1;1;
268;Promo��o;78;36000;87;Artista;0;3;
269;Promo��o;34;8000;84;Entretenimento;6;6;
270;Promo��o;52;88000;47;Artista;1;2;
271;Normal;94;91000;48;Entretenimento;0;4;
272;Promo��o;1;12000;51;Doutor;0;3;
273;Promo��o;96;1000;84;Entretenimento;0;3;
274;Promo��o;18;143000;100;Artista;0;2;
275;Promo��o;37;18000;65;Artista;1;2;
276;Normal;78;65000;89;Advogado;1;2;
277;Normal;16;9000;88;Executivo;7;4;
278;Normal;93;95000;33;Artista;1;1;
279;Promo��o;74;78000;8;Engenheiro;9;3;
280;Normal;68;48000;73;Sa�de;3;3;
281;Promo��o;32;63000;83;Executivo;1;4;
282;Promo��o;43;85000;64;Marketing;1;2;
283;Promo��o;52;43000;66;Artista;1;3;
284;Promo��o;63;74000;28;Artista;1;2;
285;Promo��o;33;67000;7;Sa�de;0;1;
286;Normal;86;59000;52;Artista;0;1;
287;Promo��o;85;140000;92;Entretenimento;1;1;
288;Promo��o;73;31000;43;Sa�de;1;2;
289;Promo��o;21;5000;92;Marketing;0;1;
290;Promo��o;93;19000;54;Engenheiro;1;3;
291;Normal;9;27000;54;Entretenimento;0;1;
292;Promo��o;10;68000;49;Doutor;0;3;
293;Normal;11;38000;78;Artista;8;8;
294;Promo��o;48;50000;32;Engenheiro;6;4;
295;Promo��o;73;80000;81;Entretenimento;2;2;
296;Promo��o;66;69000;39;Executivo;9;3;
297;Promo��o;79;31000;87;Engenheiro;3;3;
298;Normal;62;87000;41;Doutor;6;2;
299;Normal;17;79000;28;Artista;1;3;
300;Normal;32;32000;98;Entretenimento;5;2;
301;Normal;85;153787;100;Entretenimento;3;3;
302;Normal;31;95851;16;Sa�de;5;2;
303;Promo��o;31;145015;69;Sa�de;6;3;
304;Promo��o;38;148539;3;Sa�de;5;2;
305;Promo��o;90;117319;17;Advogado;1;2;
306;Promo��o;65;180243;27;Marketing;6;2;
307;Promo��o;63;165052;20;Artista;4;2;
308;Promo��o;61;120487;10;Doutor;0;2;
309;Normal;26;112766;83;Engenheiro;8;4;
310;Promo��o;17;156488;61;Engenheiro;1;4;
311;Normal;56;97562;15;Executivo;5;6;
312;Promo��o;12;77501;26;Engenheiro;5;4;
313;Promo��o;24;118302;96;Advogado;5;1;
314;Promo��o;13;64277;5;Executivo;9;4;
315;Normal;12;53927;77;Doutor;2;3;
316;Normal;72;93921;93;Advogado;9;2;
317;Promo��o;54;132046;4;Constru��o;4;4;
318;Normal;45;183217;100;Artista;7;2;
319;Normal;66;182937;49;Marketing;8;1;
320;Promo��o;27;68272;52;Sa�de;8;4;
321;Normal;36;69841;28;Engenheiro;10;2;
322;Normal;5;69078;40;Advogado;0;1;
323;Promo��o;89;110667;96;Sa�de;2;4;
324;Normal;13;95469;94;Doutor;6;1;
325;Promo��o;91;102861;48;Artista;4;1;
326;Normal;16;133551;19;Artista;3;1;
327;Promo��o;63;64589;86;Engenheiro;7;1;
328;Normal;52;152755;39;Engenheiro;4;2;
329;Promo��o;37;92313;54;Sa�de;1;5;
330;Promo��o;78;98922;13;Artista;2;3;
331;Normal;24;165846;33;Engenheiro;0;4;
332;Promo��o;4;93713;31;Engenheiro;0;4;
333;Normal;84;137641;67;Sa�de;0;5;
334;Normal;0;173743;80;Artista;0;4;
335;Promo��o;67;116126;73;Entretenimento;10;2;
336;Promo��o;32;112246;26;Sa�de;8;3;
337;Promo��o;39;69384;71;Sa�de;1;5;
338;Promo��o;68;76529;58;Sa�de;0;2;
339;Promo��o;7;123804;4;Doutor;0;1;
340;Promo��o;76;68292;63;Artista;8;2;
341;Promo��o;84;173185;100;Artista;3;1;
342;Normal;75;142034;94;Entretenimento;1;4;
343;Normal;22;107941;73;Artista;0;1;
344;Promo��o;90;149840;57;Engenheiro;1;1;
345;Promo��o;4;148431;68;Sa�de;0;8;
346;Promo��o;78;126599;80;Advogado;0;3;
347;Promo��o;58;57180;18;Sa�de;9;1;
348;Promo��o;99;184426;49;Artista;9;1;
349;Promo��o;24;151085;40;Marketing;2;5;
350;Promo��o;88;166107;100;Artista;13;4;
351;Promo��o;92;67850;99;Artista;9;4;
352;Normal;99;173394;11;Engenheiro;13;1;
353;Promo��o;51;72303;94;Advogado;7;1;
354;Normal;23;181760;42;Sa�de;14;3;
355;Promo��o;13;146858;71;Doutor;9;1;
356;Normal;22;172923;20;Engenheiro;6;1;
357;Promo��o;89;115811;90;Constru��o;11;4;
358;Normal;20;184324;63;Marketing;13;5;
359;Promo��o;72;67353;15;Advogado;9;3;
360;Normal;17;165999;71;Sa�de;9;3;
361;Normal;90;164914;30;Artista;8;3;
362;Normal;99;63364;73;Entretenimento;1;2;
363;Promo��o;39;182352;69;Engenheiro;4;3;
364;Promo��o;37;148544;64;Entretenimento;1;2;
365;Normal;46;62833;97;Artista;1;2;
366;Normal;65;120627;72;Sa�de;0;2;
367;Promo��o;60;130898;38;Artista;1;1;
368;Promo��o;93;103130;77;Executivo;12;3;
369;Normal;72;106681;15;Sa�de;9;5;
370;Promo��o;36;87353;33;Entretenimento;1;5;
371;Normal;52;88046;73;Artista;8;1;
372;Promo��o;72;98168;57;Entretenimento;1;2;
373;Promo��o;28;178265;1;Advogado;2;1;
374;Promo��o;48;167232;88;Doutor;6;4;
375;Normal;85;140478;43;Doutor;6;4;
376;Normal;22;159296;95;Artista;8;1;
377;Promo��o;30;144043;74;Doutor;1;1;
378;Normal;46;72594;76;Artista;1;2;
379;Promo��o;82;180288;85;Artista;2;2;
380;Promo��o;73;165734;59;Entretenimento;0;1;
381;Normal;8;175407;1;Artista;0;1;
382;Normal;90;70201;8;Engenheiro;0;2;
383;Normal;34;91503;38;Artista;0;6;
384;Promo��o;10;184522;31;Artista;0;2;
385;Promo��o;79;143560;91;Artista;1;3;
386;Normal;83;131574;100;Artista;1;2;
387;Promo��o;20;151124;33;Artista;15;3;
388;Promo��o;25;67447;54;Artista;15;2;
389;Promo��o;26;117454;4;Sa�de;16;2;
390;Promo��o;18;86203;26;Doutor;13;1;
391;Promo��o;7;136231;1;Artista;0;1;
392;Normal;1;89144;1;Doutor;0;2;
393;Normal;21;119116;42;Artista;17;4;
394;Promo��o;86;163463;39;Artista;9;4;
395;Promo��o;75;151696;97;Artista;15;1;
396;Normal;78;184736;59;Advogado;13;1;
397;Promo��o;87;70419;65;Constru��o;6;4;
398;Promo��o;8;119104;36;Entretenimento;0;3;
399;Normal;59;130950;28;Executivo;5;3;
400;Normal;13;140950;96;Artista;15;2;
401;Promo��o;55;82285;31;Engenheiro;16;1;
402;Promo��o;50;91389;95;Sa�de;11;7;
403;Normal;54;186359;100;Doutor;13;2;
404;Normal;13;178989;53;Doutor;14;3;
405;Normal;79;166335;45;Engenheiro;5;5;
406;Promo��o;65;119889;19;Artista;17;6;
407;Promo��o;51;66852;76;Executivo;15;3;
408;Normal;18;103896;36;Executivo;16;4;
409;Normal;21;187761;87;Sa�de;2;3;
410;Normal;37;102717;93;Sa�de;7;4;
411;Normal;83;102647;95;Entretenimento;0;2;
412;Promo��o;96;113585;27;Advogado;0;4;
413;Promo��o;65;86509;96;Artista;0;4;
414;Normal;80;59099;49;Marketing;1;7;
415;Promo��o;75;135088;1;Advogado;1;5;
416;Promo��o;87;110870;74;Engenheiro;1;4;
417;Promo��o;86;187667;20;Artista;0;1;
418;Promo��o;36;124614;33;Artista;8;5;
419;Promo��o;78;166492;36;Constru��o;9;7;
420;Promo��o;62;172758;77;Entretenimento;1;2;
421;Normal;89;122430;19;Sa�de;1;1;
422;Promo��o;56;183540;100;Entretenimento;0;6;
423;Promo��o;35;96484;42;Artista;5;4;
424;Normal;33;112587;83;Artista;1;4;
425;Promo��o;58;155672;79;Entretenimento;7;7;
426;Promo��o;68;72847;100;Artista;1;2;
427;Normal;38;71897;44;Entretenimento;2;3;
428;Normal;31;158479;57;Doutor;1;5;
429;Normal;90;89251;16;Entretenimento;1;1;
430;Normal;28;179911;24;Engenheiro;1;1;
431;Normal;1;111558;58;Sa�de;0;4;
432;Normal;78;127615;85;Executivo;10;7;
433;Promo��o;23;50076;40;Artista;3;5;
434;Promo��o;25;77779;70;Artista;4;1;
435;Normal;59;169999;38;Engenheiro;5;5;
436;Promo��o;7;106581;45;Doutor;0;7;
437;Promo��o;24;78223;37;Advogado;0;1;
438;Normal;76;136259;14;;0;7;
439;Normal;37;153399;100;Entretenimento;1;6;
440;Promo��o;6;162858;79;Artista;0;1;
441;Promo��o;0;57373;1;;0;7;
442;Normal;3;133602;39;Artista;0;1;
443;Promo��o;95;66322;96;Artista;0;3;
444;Promo��o;0;68761;1;Advogado;0;4;
445;Normal;7;70749;80;Artista;0;3;
446;Normal;54;65874;99;Artista;7;6;
447;Normal;89;115996;31;Engenheiro;15;1;
448;Promo��o;58;67097;87;Engenheiro;6;1;
449;Promo��o;12;108027;79;Artista;13;5;
450;Normal;7;176349;53;Sa�de;0;2;
451;Normal;11;88452;40;Sa�de;8;6;
452;Normal;74;128266;55;Engenheiro;7;4;
453;Promo��o;64;156777;16;Sa�de;7;2;
454;Promo��o;48;123234;53;Advogado;10;7;
455;Promo��o;8;60790;26;Artista;0;5;
456;Promo��o;15;181332;100;Artista;14;6;
457;Normal;1;187297;1;Artista;0;1;
458;Promo��o;21;153885;94;Artista;6;6;
459;Normal;84;53500;49;Marketing;3;4;
460;Promo��o;5;69443;1;Doutor;0;6;
461;Promo��o;47;124072;52;Advogado;0;7;
462;Promo��o;96;135800;25;Sa�de;0;7;
463;Normal;93;120597;100;Artista;2;4;
464;Promo��o;16;91358;19;Entretenimento;1;4;
465;Normal;56;53231;46;Marketing;0;5;
466;Promo��o;76;156330;27;Engenheiro;1;2;
467;Normal;0;186002;60;Doutor;0;2;
468;Promo��o;70;111760;56;Executivo;12;5;
469;Promo��o;47;143906;20;Artista;4;3;
470;Normal;13;182410;29;Sa�de;11;4;
471;Normal;86;98463;53;Constru��o;10;5;
472;Normal;91;93762;73;Artista;15;7;
473;Normal;97;104582;50;Sa�de;8;2;
474;Normal;20;130813;100;Artista;17;5;
475;Promo��o;11;59202;88;Sa�de;5;4;
476;Promo��o;28;79968;41;Advogado;9;2;
477;Normal;32;104824;54;Artista;0;7;
478;Normal;82;188719;30;Advogado;0;6;
479;Normal;39;187536;66;Sa�de;3;6;
480;Normal;7;134008;77;Entretenimento;0;1;
481;Promo��o;13;176397;79;Artista;6;3;
482;Promo��o;34;154888;39;Sa�de;9;6;
483;Normal;76;155622;81;Sa�de;0;2;
484;Promo��o;30;62330;56;Sa�de;1;1;
485;Promo��o;69;112838;30;Sa�de;1;7;
486;Normal;22;58283;59;Constru��o;2;4;
487;Promo��o;60;77857;89;Artista;1;6;
488;Normal;66;125024;37;Artista;0;1;
489;Promo��o;57;136242;42;Artista;9;1;
490;Promo��o;60;81934;77;Sa�de;1;4;
491;Promo��o;59;130511;100;Artista;3;4;
492;Promo��o;54;144502;84;Advogado;3;1;
493;Normal;90;63769;18;Artista;4;2;
494;Promo��o;14;66760;28;Artista;0;4;
495;Promo��o;34;135115;62;Entretenimento;1;7;
496;Promo��o;85;179877;20;Sa�de;12;4;
497;Promo��o;83;93351;61;Doutor;1;1;
498;Normal;12;84547;96;Constru��o;3;3;
499;Normal;95;121725;10;;12;3;
500;Normal;41;65723;100;Artista;6;7;
501;Promo��o;38;96794;92;Sa�de;6;3;
502;Normal;68;72352;61;Sa�de;8;5;
503;Promo��o;4;53097;1;Sa�de;0;7;
504;Promo��o;5;144831;5;Artista;0;3;
505;Promo��o;3;183851;1;Doutor;0;2;
506;Promo��o;20;111896;86;Executivo;1;3;
507;Promo��o;3;64824;1;Executivo;0;1;
508;Normal;36;88565;16;Sa�de;1;5;
509;Promo��o;70;104974;71;Artista;1;1;
510;Promo��o;17;167060;55;Artista;1;5;
511;Promo��o;31;69018;25;Artista;6;1;
512;Promo��o;48;174109;100;Entretenimento;0;1;
513;Normal;28;62186;34;Marketing;0;1;
514;Normal;97;183783;70;Sa�de;9;3;
515;Normal;81;83771;13;Artista;1;2;
516;Promo��o;37;148196;99;Artista;0;2;
517;Normal;85;131742;99;Entretenimento;1;1;
518;Promo��o;78;59971;97;Constru��o;14;7;
519;Promo��o;13;88960;56;Entretenimento;13;3;
520;Promo��o;53;140107;34;Sa�de;1;5;
521;Promo��o;41;161896;57;Entretenimento;1;3;
522;Promo��o;9;57272;29;Engenheiro;0;1;
523;Normal;20;119952;2;Sa�de;8;2;
524;Promo��o;98;167197;59;Doutor;1;5;
525;Promo��o;44;186116;1;Sa�de;8;6;
526;Promo��o;66;134677;62;Sa�de;15;5;
527;Promo��o;58;180479;70;Sa�de;0;3;
528;Normal;97;112783;33;Artista;9;6;
529;Normal;13;150258;17;Doutor;0;3;
530;Normal;48;115832;100;Artista;2;2;
531;Promo��o;47;104834;52;Artista;0;7;
532;Normal;93;152571;73;Doutor;14;5;
533;Promo��o;11;162287;41;Engenheiro;3;2;
534;Promo��o;68;171761;55;Doutor;1;6;
535;Promo��o;87;77709;81;Artista;0;1;
536;Promo��o;22;95053;25;Entretenimento;1;2;
537;Normal;89;74820;33;Doutor;1;2;
538;Normal;57;152267;92;Engenheiro;9;5;
539;Normal;91;71925;26;Artista;4;2;
540;Promo��o;84;151340;100;Artista;1;7;
541;Normal;56;162921;51;Executivo;0;4;
542;Promo��o;26;52234;26;Executivo;1;2;
543;Promo��o;56;100271;95;Artista;1;5;
544;Promo��o;6;170266;11;Artista;0;2;
545;Promo��o;33;88763;13;Entretenimento;1;1;
546;Promo��o;89;107359;29;;10;6;
547;Normal;99;164781;83;Engenheiro;0;2;
548;Promo��o;25;156016;93;Artista;2;1;
549;Promo��o;96;186882;48;Entretenimento;1;7;
550;Promo��o;35;99300;84;Constru��o;5;2;
551;Normal;16;58127;70;Marketing;0;3;
552;Promo��o;81;89211;8;Doutor;1;7;
553;Promo��o;7;148607;28;Constru��o;0;7;
554;Promo��o;31;139592;63;Marketing;1;1;
555;Promo��o;16;172051;58;Sa�de;1;3;
556;Normal;89;57033;100;Artista;0;4;
557;Normal;84;117612;63;Engenheiro;0;6;
558;Normal;40;185321;100;Artista;0;7;
559;Promo��o;17;186577;1;Sa�de;8;5;
560;Normal;0;151298;80;Artista;0;6;
561;Promo��o;69;123925;60;Artista;1;7;
562;Promo��o;17;169496;15;Advogado;11;6;
563;Promo��o;0;142892;13;Entretenimento;0;1;
564;Promo��o;34;58979;13;Entretenimento;9;5;
565;Promo��o;51;141416;100;Sa�de;15;1;
566;Normal;54;104854;67;Sa�de;1;7;
567;Promo��o;19;180331;22;Artista;17;5;
568;Promo��o;99;172896;9;Engenheiro;0;3;
569;Promo��o;2;101451;51;Sa�de;0;3;
570;Promo��o;91;189974;33;Engenheiro;8;1;
571;Normal;65;90084;77;Artista;1;6;
572;Promo��o;47;112247;20;Executivo;4;5;
573;Promo��o;91;181775;69;Artista;4;5;
574;Promo��o;64;59088;39;Artista;1;3;
575;Promo��o;91;60856;31;Artista;1;6;
576;Normal;32;149900;46;Artista;6;3;
577;Normal;15;142776;98;Engenheiro;8;5;
578;Normal;22;162598;96;Artista;8;3;
579;Promo��o;37;146195;85;Sa�de;4;4;
580;Normal;83;135268;53;Advogado;4;5;
581;Promo��o;89;136037;6;Marketing;5;1;
582;Promo��o;33;111191;75;Artista;9;4;
583;Promo��o;13;144111;77;Entretenimento;12;5;
584;Promo��o;71;177359;52;Doutor;6;2;
585;Promo��o;10;112818;66;Marketing;0;7;
586;Normal;49;53509;100;Artista;5;4;
587;Promo��o;9;168269;51;Executivo;0;2;
588;Promo��o;53;86766;1;Advogado;16;3;
589;Promo��o;63;52661;28;Sa�de;12;5;
590;Promo��o;46;148520;17;Sa�de;11;5;
591;Normal;42;149936;71;Artista;15;3;
592;Promo��o;73;102296;39;Entretenimento;7;5;
593;Normal;75;178416;23;Executivo;10;7;
594;Promo��o;49;83788;44;Doutor;15;1;
595;Promo��o;96;184771;73;Engenheiro;8;5;
596;Promo��o;52;70302;91;Executivo;14;3;
597;Promo��o;15;58639;59;Entretenimento;5;7;
598;Normal;91;97879;59;Entretenimento;15;7;
599;Normal;22;64707;41;Entretenimento;7;3;
600;Normal;62;71795;87;Sa�de;8;1;
601;Normal;41;76567;85;Doutor;16;1;
602;Normal;61;126370;27;;11;4;
603;Promo��o;71;154007;40;Artista;7;7;
604;Promo��o;91;69720;74;Advogado;17;6;
605;Promo��o;94;85265;64;Executivo;7;6;
606;Promo��o;3;155864;7;Sa�de;0;3;
607;Promo��o;15;99421;80;Artista;8;7;
608;Promo��o;96;145457;53;Executivo;2;1;
609;Normal;12;118041;89;Artista;9;2;
610;Promo��o;23;73759;79;Doutor;0;7;
611;Normal;94;90082;29;Artista;5;7;
612;Promo��o;7;74928;1;Artista;0;6;
613;Promo��o;74;101352;32;Advogado;0;5;
614;Promo��o;52;93947;77;Sa�de;9;2;
615;Normal;39;134629;23;Engenheiro;1;6;
616;Normal;72;101858;70;Sa�de;8;6;
617;Promo��o;55;165501;62;Artista;10;4;
618;Normal;29;135931;74;Advogado;5;1;
619;Normal;38;103356;25;Marketing;1;6;
620;Promo��o;44;75195;87;Artista;1;3;
621;Normal;58;123083;56;Entretenimento;6;5;
622;Normal;77;73884;30;Sa�de;1;2;
623;Promo��o;56;91180;69;Entretenimento;1;7;
624;Normal;79;86235;64;Artista;0;2;
625;Promo��o;97;96400;1;Doutor;1;7;
626;Normal;78;83599;12;Sa�de;1;6;
627;Promo��o;91;82535;46;Sa�de;0;1;
628;Normal;35;92227;8;Advogado;0;5;
629;Promo��o;43;150444;88;Artista;13;4;
630;Promo��o;37;149095;79;Advogado;1;2;
631;Normal;63;113605;54;Artista;3;3;
632;Promo��o;16;93854;78;Sa�de;0;7;
633;Normal;32;118280;100;Artista;0;5;
634;Normal;91;94576;100;Artista;0;1;
635;Promo��o;33;129257;66;Executivo;6;3;
636;Promo��o;57;70373;6;Sa�de;2;6;
637;Promo��o;43;77600;62;Sa�de;0;1;
638;Promo��o;26;113707;100;Entretenimento;0;5;
639;Promo��o;59;189672;4;Doutor;0;7;
640;Promo��o;61;143180;66;Artista;0;5;
641;Promo��o;59;174890;15;Marketing;3;4;
642;Normal;66;121377;19;;7;7;
643;Normal;26;154857;13;Sa�de;0;7;
644;Promo��o;67;160945;47;Sa�de;0;5;
645;Promo��o;85;119557;43;Artista;0;2;
646;Promo��o;76;187141;29;Doutor;0;7;
647;Promo��o;57;97468;30;Artista;0;1;
648;Promo��o;77;160351;73;Advogado;8;5;
649;Promo��o;66;178627;90;Sa�de;1;2;
650;Promo��o;49;170188;76;Advogado;1;6;
651;Promo��o;36;166007;36;Doutor;1;4;
652;Normal;74;91794;95;Entretenimento;0;7;
653;Promo��o;16;189072;94;Artista;6;3;
654;Normal;27;152717;15;Executivo;1;6;
655;Promo��o;3;158549;67;Executivo;0;3;
656;Normal;31;134263;99;Marketing;1;3;
657;Promo��o;30;148236;24;Executivo;1;1;
658;Normal;94;171677;93;Artista;0;6;
659;Promo��o;31;189446;46;Artista;1;6;
660;Normal;49;106633;65;Artista;0;3;
661;Normal;49;81084;48;Executivo;6;5;
662;Normal;53;148759;52;Doutor;7;7;
663;Promo��o;3;117638;64;Sa�de;0;7;
664;Promo��o;91;159537;33;Doutor;4;1;
665;Normal;26;79526;11;Marketing;9;7;
666;Normal;28;101414;64;;8;1;
667;Promo��o;92;109519;80;Entretenimento;1;4;
668;Promo��o;59;156880;78;Artista;0;7;
669;Normal;15;157278;70;Artista;0;6;
670;Promo��o;23;144916;80;Engenheiro;1;7;
671;Normal;54;59163;100;Marketing;3;3;
672;Promo��o;93;93991;57;Artista;1;3;
673;Promo��o;65;58318;41;Doutor;1;1;
674;Promo��o;13;180786;84;Advogado;1;5;
675;Normal;71;84622;45;Doutor;0;6;
676;Normal;1;92674;51;Artista;0;4;
677;Promo��o;57;87553;100;Artista;1;1;
678;Normal;14;74174;91;Entretenimento;1;2;
679;Promo��o;77;180831;29;Sa�de;1;2;
680;Promo��o;89;137397;29;Doutor;1;7;
681;Normal;17;96154;100;Artista;1;4;
682;Normal;86;172477;81;Entretenimento;1;3;
683;Normal;42;59954;37;Executivo;4;4;
684;Promo��o;29;112240;100;Entretenimento;0;4;
685;Promo��o;54;145679;43;Artista;0;2;
686;Normal;96;136265;68;Artista;12;5;
687;Promo��o;58;74869;8;Sa�de;0;3;
688;Promo��o;52;109425;42;Engenheiro;0;1;
689;Promo��o;3;126015;26;Sa�de;0;1;
690;Promo��o;13;156951;62;Sa�de;4;7;
691;Promo��o;3;127172;37;Sa�de;0;2;
692;Normal;89;113834;22;Doutor;0;3;
693;Normal;83;132005;14;Entretenimento;0;5;
694;Promo��o;80;171323;81;Advogado;10;4;
695;Promo��o;74;92355;95;Entretenimento;1;4;
696;Normal;42;60982;3;Sa�de;0;5;
697;Promo��o;91;51742;41;Artista;8;3;
698;Promo��o;31;138612;67;Executivo;9;2;
699;Normal;8;158123;76;Artista;0;1;
700;Normal;64;164675;65;Executivo;0;5;
701;Promo��o;41;172882;23;Sa�de;8;7;
702;Promo��o;62;70119;100;Artista;0;1;
703;Normal;41;113998;26;Sa�de;7;7;
704;Normal;22;114011;40;;5;7;
705;Normal;5;57265;80;Entretenimento;0;7;
706;Promo��o;38;130597;13;Artista;6;1;
707;Promo��o;88;121597;3;Engenheiro;0;5;
708;Normal;56;103210;100;Artista;6;6;
709;Normal;47;66308;8;Executivo;0;4;
710;Normal;4;141336;66;Constru��o;0;1;
711;Normal;82;153632;88;Entretenimento;9;7;
712;Promo��o;31;65520;67;Advogado;1;2;
713;Promo��o;69;153217;79;Sa�de;1;6;
714;Normal;62;92768;75;Doutor;1;1;
715;Promo��o;54;132345;18;Artista;0;2;
716;Promo��o;60;186069;50;Marketing;1;2;
717;Promo��o;31;53802;40;Artista;1;7;
718;Promo��o;17;103739;58;Sa�de;6;4;
719;Promo��o;15;50550;30;Sa�de;9;7;
720;Promo��o;37;145648;17;Sa�de;7;6;
721;Normal;36;85737;37;Executivo;0;3;
722;Promo��o;27;99950;28;Entretenimento;0;4;
723;Promo��o;11;83220;17;Engenheiro;7;4;
724;Normal;83;73410;62;Entretenimento;8;5;
725;Promo��o;71;64310;44;Marketing;2;1;
726;Promo��o;20;59844;75;Doutor;0;1;
727;Normal;3;67787;1;Executivo;0;6;
728;Normal;52;172841;4;Engenheiro;0;1;
729;Normal;75;145528;61;Sa�de;1;2;
730;Normal;36;173807;54;Artista;0;2;
731;Normal;60;185794;81;Entretenimento;7;1;
732;Normal;8;119780;44;Sa�de;0;3;
733;Promo��o;9;158596;74;Artista;0;2;
734;Promo��o;41;118122;60;Entretenimento;0;6;
735;Normal;38;99964;11;Sa�de;7;4;
736;Promo��o;69;120752;23;Executivo;1;6;
737;Promo��o;33;189630;49;Executivo;5;5;
738;Normal;64;125510;6;Sa�de;3;3;
739;Normal;19;101799;49;Engenheiro;1;1;
740;Promo��o;88;92914;82;Artista;0;3;
741;Promo��o;91;162465;55;Engenheiro;9;3;
742;Normal;84;163818;27;Engenheiro;2;1;
743;Promo��o;43;53832;64;Entretenimento;4;1;
744;Promo��o;30;140190;45;Engenheiro;1;4;
745;Normal;16;125836;69;Sa�de;1;4;
746;Normal;89;100938;39;Entretenimento;0;7;
747;Normal;5;168670;29;Artista;0;3;
748;Promo��o;54;176885;18;Entretenimento;0;3;
749;Promo��o;41;111174;36;Artista;4;5;
750;Normal;80;127335;100;Artista;6;6;
751;Normal;37;149103;10;Sa�de;10;1;
752;Normal;87;167705;31;Sa�de;0;7;
753;Promo��o;50;183548;93;Entretenimento;1;4;
754;Promo��o;14;50396;42;Advogado;0;6;
755;Promo��o;17;63557;6;Marketing;1;1;
756;Promo��o;98;87878;63;Artista;1;6;
757;Normal;3;55634;26;Engenheiro;0;3;
758;Promo��o;83;118110;22;Engenheiro;1;5;
759;Normal;13;129396;48;Artista;6;6;
760;Promo��o;46;62628;72;Entretenimento;8;6;
761;Promo��o;25;51700;13;Sa�de;4;6;
762;Promo��o;4;106816;37;Artista;0;5;
763;Normal;64;93000;67;Advogado;0;2;
764;Promo��o;84;144148;67;Doutor;1;4;
765;Normal;12;101388;100;Artista;0;2;
766;Promo��o;56;171560;74;Engenheiro;0;2;
767;Normal;58;156366;72;Entretenimento;8;1;
768;Promo��o;0;143910;1;Marketing;0;7;
769;Promo��o;25;106569;80;Engenheiro;1;3;
770;Normal;28;173009;25;Sa�de;9;6;
771;Normal;78;54252;29;Engenheiro;0;5;
772;Normal;56;104600;69;Entretenimento;6;3;
773;Normal;91;50250;66;Artista;0;2;
774;Normal;77;93242;96;Entretenimento;0;7;
775;Promo��o;83;156839;46;Artista;3;7;
776;Promo��o;64;71305;47;Artista;9;2;
777;Normal;19;85975;85;Entretenimento;0;6;
778;Normal;94;188107;59;Engenheiro;10;2;
779;Normal;19;82333;40;Marketing;1;2;
780;Normal;84;125016;37;Entretenimento;1;7;
781;Promo��o;10;148908;1;Sa�de;0;3;
782;Promo��o;19;58217;78;Artista;0;1;
783;Normal;74;76521;29;Engenheiro;7;4;
784;Promo��o;95;117763;50;Artista;1;2;
785;Promo��o;34;115184;89;Constru��o;1;4;
786;Normal;30;54251;19;Artista;2;6;
787;Promo��o;53;112530;32;Entretenimento;2;6;
788;Normal;67;107409;14;Artista;1;6;
789;Promo��o;23;84793;19;Constru��o;9;6;
790;Promo��o;25;66952;87;Entretenimento;1;2;
791;Promo��o;84;153465;7;Advogado;1;4;
792;Promo��o;1;178214;5;Artista;0;7;
793;Normal;70;152069;54;Entretenimento;4;4;
794;Promo��o;56;132860;13;Sa�de;7;2;
795;Promo��o;0;147719;55;Advogado;0;7;
796;Promo��o;91;172915;25;Doutor;9;1;
797;Promo��o;81;148594;37;Entretenimento;3;5;
798;Normal;33;61986;77;Executivo;0;1;
799;Normal;75;91456;25;Artista;1;4;
800;Normal;11;166247;84;Executivo;1;2;
801;Promo��o;61;140516;58;Artista;0;3;
802;Normal;81;148208;36;;5;7;
803;Promo��o;62;133822;79;Marketing;0;4;
804;Promo��o;44;175424;40;Artista;4;5;
805;Promo��o;67;121528;88;Sa�de;8;4;
806;Promo��o;30;189369;65;Sa�de;0;3;
807;Promo��o;92;80808;34;Artista;1;1;
808;Normal;25;57535;96;Entretenimento;1;7;
809;Promo��o;61;163509;47;Sa�de;0;4;
810;Promo��o;72;75884;53;Executivo;0;7;
811;Promo��o;89;157759;60;Artista;1;6;
812;Promo��o;37;184813;40;Executivo;0;2;
813;Normal;59;187253;51;Executivo;8;7;
814;Normal;41;81718;48;Entretenimento;1;3;
815;Normal;60;150019;37;Doutor;1;2;
816;Promo��o;81;53452;81;Entretenimento;1;6;
817;Normal;85;150765;42;Constru��o;8;2;
818;Promo��o;91;154456;67;;0;7;
819;Promo��o;65;56647;8;Doutor;6;4;
820;Promo��o;19;117477;44;Sa�de;6;7;
821;Promo��o;78;79677;47;Artista;10;7;
822;Promo��o;0;116759;2;Marketing;0;3;
823;Normal;26;180702;33;Entretenimento;6;1;
824;Promo��o;2;122698;80;Entretenimento;0;1;
825;Promo��o;60;169346;51;Sa�de;7;2;
826;Promo��o;67;93176;33;Artista;4;1;
827;Promo��o;4;75853;9;Constru��o;0;5;
828;Normal;7;119362;31;Engenheiro;0;1;
829;Normal;28;81545;48;Artista;4;7;
830;Normal;67;67372;87;Artista;0;7;
831;Promo��o;30;109703;57;Executivo;1;1;
832;Normal;38;166697;51;Marketing;13;4;
833;Promo��o;40;124982;30;Engenheiro;1;7;
834;Promo��o;6;146776;52;Advogado;0;7;
835;Promo��o;3;147548;14;Executivo;0;5;
836;Promo��o;51;117620;56;Sa�de;7;6;
837;Normal;63;85351;57;Sa�de;0;2;
838;Normal;65;174432;20;Artista;0;7;
839;Normal;44;70787;68;Doutor;1;3;
840;Promo��o;90;75473;59;Sa�de;0;7;
841;Normal;76;90082;49;Sa�de;1;6;
842;Promo��o;62;185388;50;Sa�de;0;2;
843;Promo��o;5;168110;45;Doutor;0;6;
844;Promo��o;67;184628;53;Artista;12;2;
845;Promo��o;38;176551;41;Sa�de;8;1;
846;Promo��o;31;76422;17;Sa�de;9;7;
847;Normal;2;164248;43;Entretenimento;0;3;
848;Promo��o;82;109188;34;Advogado;5;7;
849;Promo��o;66;132951;22;Sa�de;4;1;
850;Promo��o;75;164598;28;Sa�de;8;1;
851;Normal;69;186655;32;;7;2;
852;Promo��o;62;111859;82;Sa�de;6;1;
853;Promo��o;0;121926;10;Advogado;0;1;
854;Promo��o;11;143047;38;Executivo;1;3;
855;Promo��o;22;131748;31;Artista;1;3;
856;Normal;76;142801;23;Advogado;0;1;
857;Normal;85;142723;46;Engenheiro;0;6;
858;Normal;21;155151;28;Marketing;14;3;
859;Promo��o;64;153607;44;Sa�de;1;4;
860;Normal;94;144192;34;Sa�de;0;3;
861;Promo��o;83;174159;18;Advogado;4;4;
862;Promo��o;93;73642;51;Marketing;0;3;
863;Promo��o;12;170319;54;Artista;8;7;
864;Promo��o;0;141351;1;Engenheiro;0;2;
865;Promo��o;79;167411;17;Marketing;12;5;
866;Normal;90;58289;61;Artista;5;6;
867;Promo��o;45;79801;73;Doutor;0;2;
868;Promo��o;82;146118;53;Marketing;8;7;
869;Promo��o;57;57337;10;Sa�de;1;4;
870;Promo��o;43;113575;14;Entretenimento;1;2;
871;Normal;63;122658;65;Engenheiro;6;2;
872;Promo��o;62;151836;21;Artista;0;6;
873;Promo��o;43;185900;76;Constru��o;9;4;
874;Promo��o;34;94029;94;Sa�de;1;4;
875;Promo��o;30;157290;30;Artista;2;2;
876;Normal;97;175996;61;Entretenimento;10;4;
877;Normal;68;102016;49;Artista;0;4;
878;Normal;16;77902;79;Artista;1;2;
879;Promo��o;15;81138;82;Sa�de;9;7;
880;Normal;25;128258;48;Executivo;0;2;
881;Promo��o;29;62475;32;Artista;6;4;
882;Promo��o;85;82854;83;Artista;6;4;
883;Promo��o;30;59284;34;Doutor;7;7;
884;Promo��o;13;141580;88;Sa�de;0;4;
885;Promo��o;88;171362;86;Executivo;6;4;
886;Normal;5;78274;57;Artista;0;2;
887;Promo��o;95;76646;69;Artista;0;1;
888;Promo��o;92;78308;62;Executivo;5;2;
889;Promo��o;63;78971;85;Engenheiro;1;2;
890;Promo��o;75;65528;74;Marketing;1;5;
891;Normal;67;94199;83;Artista;5;7;
892;Promo��o;58;135705;44;Engenheiro;8;7;
893;Normal;52;130573;43;Entretenimento;8;3;
894;Promo��o;85;152303;76;Artista;1;5;
895;Promo��o;31;144582;85;Doutor;1;1;
896;Promo��o;84;93288;75;Artista;10;6;
897;Promo��o;93;88192;13;Marketing;10;2;
898;Normal;18;62362;81;Advogado;7;3;
899;Normal;73;74350;46;Advogado;10;1;
900;Normal;3;144103;15;Sa�de;0;7;
901;Normal;1;75518;1;Advogado;0;3;
902;Normal;53;160980;62;Doutor;4;2;
903;Promo��o;75;102904;36;Artista;7;6;
904;Promo��o;15;174501;33;;9;7;
905;Promo��o;47;157661;53;Sa�de;6;6;
906;Promo��o;66;118385;11;Sa�de;10;3;
907;Promo��o;17;116463;100;Artista;8;4;
908;Promo��o;1;161212;2;Artista;0;6;
909;Normal;16;172601;55;Marketing;4;6;
910;Promo��o;52;167214;90;Constru��o;8;7;
911;Normal;21;69644;31;Artista;5;1;
912;Promo��o;19;120215;42;Constru��o;7;2;
913;Promo��o;29;180401;19;Engenheiro;7;6;
914;Promo��o;40;113739;100;Artista;5;7;
915;Normal;76;111717;41;Sa�de;1;2;
916;Normal;91;62808;20;Engenheiro;0;4;
917;Promo��o;24;67582;21;Artista;1;3;
918;Normal;4;96543;52;Artista;0;1;
919;Normal;90;89667;81;Artista;0;2;
920;Promo��o;56;98980;61;Engenheiro;0;1;
921;Normal;14;124998;17;Advogado;1;3;
922;Normal;52;189091;24;Artista;0;6;
923;Promo��o;14;153842;13;Artista;1;3;
924;Normal;30;106314;28;Artista;0;7;
925;Promo��o;70;62901;68;Artista;8;5;
926;Normal;14;149618;78;Sa�de;4;6;
927;Promo��o;95;72068;93;Sa�de;0;6;
928;Normal;25;81367;87;;0;3;
929;Promo��o;95;118575;18;Entretenimento;1;3;
930;Promo��o;12;82382;93;Executivo;1;3;
931;Normal;82;114776;74;Entretenimento;10;3;
932;Promo��o;2;145597;69;Artista;0;6;
933;Normal;51;162072;86;Engenheiro;1;1;
934;Normal;63;172872;11;Sa�de;0;7;
935;Promo��o;30;182162;14;Artista;1;3;
936;Promo��o;68;71467;89;Artista;5;7;
937;Promo��o;21;85568;1;Sa�de;0;6;
938;Promo��o;99;56851;80;Entretenimento;6;3;
939;Promo��o;0;116782;61;Artista;0;5;
940;Promo��o;80;67781;13;Entretenimento;4;4;
941;Promo��o;51;70152;25;Sa�de;0;2;
942;Normal;18;185861;94;Artista;3;6;
943;Normal;43;162595;29;Artista;3;3;
944;Promo��o;29;80098;57;Advogado;10;6;
945;Promo��o;20;184801;4;Advogado;1;1;
946;Promo��o;39;58908;45;Artista;6;6;
947;Promo��o;9;146011;43;Marketing;0;5;
948;Promo��o;45;135174;47;Artista;9;4;
949;Promo��o;65;114244;72;Artista;0;1;
950;Promo��o;64;157207;48;Sa�de;0;4;
951;Promo��o;81;128834;31;Entretenimento;5;4;
952;Normal;54;51166;36;Entretenimento;0;7;
953;Promo��o;32;130118;44;Artista;0;4;
954;Normal;29;87014;78;Doutor;11;4;
955;Promo��o;25;111379;100;Artista;0;2;
956;Normal;5;83704;74;Entretenimento;0;1;
957;Promo��o;55;90558;45;Sa�de;8;2;
958;Normal;12;187343;14;Sa�de;6;3;
959;Promo��o;81;111174;56;Entretenimento;9;6;
960;Normal;87;64461;63;Engenheiro;4;4;
961;Normal;12;109618;100;Artista;7;3;
962;Normal;91;189357;4;Advogado;7;1;
963;Promo��o;63;120955;87;Artista;6;1;
964;Promo��o;97;168898;50;Constru��o;8;7;
965;Normal;89;130431;52;Sa�de;6;3;
966;Normal;59;161091;56;Engenheiro;9;1;
967;Promo��o;26;69988;1;Constru��o;5;4;
968;Promo��o;5;169702;67;Doutor;0;1;
969;Normal;32;186897;49;Sa�de;1;7;
970;Promo��o;98;109061;37;Engenheiro;6;1;
971;Normal;31;188620;42;Artista;3;6;
972;Promo��o;59;108675;65;Artista;4;5;
973;Promo��o;80;177601;42;Entretenimento;0;2;
974;Promo��o;12;87365;6;Marketing;1;2;
975;Normal;80;95929;23;Engenheiro;0;2;
976;Normal;59;97185;99;Entretenimento;0;5;
977;Promo��o;56;103838;25;Artista;1;2;
978;Normal;18;129260;11;Doutor;1;3;
979;Promo��o;66;151184;27;Artista;1;4;
980;Promo��o;67;177512;58;Engenheiro;2;3;
981;Normal;39;140099;51;Advogado;0;7;
982;Normal;23;67535;97;Sa�de;7;6;
983;Normal;47;133236;61;Executivo;1;6;
984;Promo��o;41;87975;1;Constru��o;9;7;
985;Promo��o;40;164350;19;Sa�de;0;5;
986;Normal;36;55109;65;Artista;8;3;
987;Promo��o;12;67613;48;Entretenimento;1;2;
988;Promo��o;60;185306;55;Entretenimento;0;2;
989;Promo��o;24;154787;80;Executivo;3;5;
990;Promo��o;17;109759;100;Artista;9;3;
991;Promo��o;92;114571;47;Executivo;1;3;
992;Normal;32;130697;100;Artista;1;2;
993;Normal;39;115916;31;Doutor;13;6;
994;Promo��o;50;69814;61;Artista;9;2;
995;Promo��o;85;118161;70;Engenheiro;0;4;
996;Normal;65;56583;65;Sa�de;2;3;
997;Promo��o;17;185843;44;Artista;4;3;
998;Promo��o;31;171825;37;Entretenimento;10;4;
999;Normal;24;77976;100;Artista;11;3;
1000;Normal;97;66312;87;Entretenimento;0;1;
1001;Promo��o;92;81839;19;Entretenimento;0;4;
1002;Promo��o;80;55712;13;Artista;5;6;
1003;Normal;33;158335;45;Sa�de;2;5;
1004;Normal;8;74253;18;Advogado;0;6;
1005;Normal;67;119625;3;Sa�de;4;4;
1006;Promo��o;8;129743;1;Artista;0;2;
1007;Promo��o;61;101007;56;Advogado;0;6;
1008;Normal;83;87529;61;Artista;9;7;
1009;Normal;8;151648;71;Sa�de;0;6;
1010;Normal;69;61637;67;;0;5;
1011;Normal;14;164659;71;Entretenimento;1;6;
1012;Promo��o;80;125623;58;Executivo;0;4;
1013;Promo��o;85;104054;30;Artista;8;4;
1014;Normal;88;83535;68;Artista;1;5;
1015;Promo��o;76;166245;9;Executivo;7;3;
1016;Promo��o;32;100890;68;Entretenimento;4;4;
1017;Promo��o;99;55972;91;Entretenimento;1;7;
1018;Promo��o;85;134282;47;Artista;2;5;
1019;Promo��o;25;106669;18;Advogado;1;7;
1020;Promo��o;99;145777;90;Executivo;1;5;
1021;Normal;41;119259;91;Sa�de;1;5;
1022;Promo��o;1;150174;47;Artista;0;2;
1023;Promo��o;45;55472;47;Sa�de;1;3;
1024;Normal;55;99423;82;Sa�de;0;5;
1025;Promo��o;20;146221;26;Marketing;0;3;
1026;Promo��o;33;84238;39;Artista;1;2;
1027;Normal;92;57032;87;Entretenimento;1;5;
1028;Normal;93;88811;52;Engenheiro;0;4;
1029;Normal;60;167420;50;Artista;5;2;
1030;Normal;38;101846;17;Doutor;3;2;
1031;Normal;15;114061;99;Artista;2;5;
1032;Normal;74;147449;28;Artista;1;5;
1033;Promo��o;47;83043;72;Executivo;0;1;
1034;Promo��o;96;168990;77;Doutor;9;5;
1035;Normal;97;73867;65;Sa�de;4;5;
1036;Promo��o;35;165772;47;Sa�de;1;4;
1037;Promo��o;19;178217;39;Marketing;0;3;
1038;Normal;60;162612;98;Engenheiro;1;6;
1039;Normal;37;99872;72;Entretenimento;11;3;
1040;Promo��o;49;142566;85;Artista;1;7;
1041;Promo��o;1;111424;68;Entretenimento;0;5;
1042;Normal;43;187841;50;Artista;1;4;
1043;Promo��o;46;171921;58;Artista;1;6;
1044;Promo��o;65;115299;95;Artista;6;3;
1045;Normal;75;94129;27;Sa�de;6;7;
1046;Normal;40;172378;51;Entretenimento;5;6;
1047;Normal;28;146597;31;Engenheiro;1;4;
1048;Promo��o;78;64057;40;Doutor;0;3;
1049;Promo��o;22;163585;57;Artista;9;5;
1050;Normal;6;93186;75;Entretenimento;0;3;
1051;Normal;46;149764;13;Entretenimento;0;6;
1052;Normal;17;116822;84;Doutor;1;3;
1053;Promo��o;46;109346;45;Entretenimento;1;2;
1054;Promo��o;72;111587;100;Artista;7;4;
1055;Promo��o;38;166644;74;Artista;8;6;
1056;Promo��o;50;181270;64;Artista;1;1;
1057;Normal;47;65207;81;Sa�de;1;2;
1058;Promo��o;72;112146;17;Constru��o;8;4;
1059;Normal;8;104953;30;Doutor;0;6;
1060;Promo��o;34;139009;32;Artista;0;4;
1061;Promo��o;53;67916;78;Sa�de;0;6;
1062;Promo��o;82;99983;84;Executivo;0;1;
1063;Normal;63;131122;52;Artista;9;6;
1064;Promo��o;58;173190;33;Doutor;9;4;
1065;Normal;23;122712;26;Marketing;1;1;
1066;Promo��o;80;55792;38;Artista;1;6;
1067;Normal;45;73892;45;Doutor;1;4;
1068;Promo��o;30;78821;42;;1;4;
1069;Promo��o;84;152475;20;Artista;0;7;
1070;Normal;45;152226;99;Artista;4;4;
1071;Normal;85;117679;30;Entretenimento;1;3;
1072;Normal;23;146473;99;Artista;1;4;
1073;Normal;79;66051;75;Sa�de;1;7;
1074;Normal;47;162332;84;Entretenimento;1;5;
1075;Promo��o;93;166018;67;Doutor;0;3;
1076;Promo��o;95;67398;89;Entretenimento;2;5;
1077;Normal;44;73760;82;Entretenimento;1;6;
1078;Normal;95;167578;78;Entretenimento;0;1;
1079;Normal;28;130267;45;Engenheiro;8;4;
1080;Normal;91;94846;95;Engenheiro;0;5;
1081;Promo��o;81;155396;1;Engenheiro;9;5;
1082;Promo��o;90;138013;24;Artista;8;7;
1083;Normal;79;148286;89;Entretenimento;0;4;
1084;Promo��o;6;101031;16;Artista;0;1;
1085;Promo��o;38;52884;20;Advogado;1;1;
1086;Normal;87;153230;15;Sa�de;8;1;
1087;Promo��o;93;63261;9;Engenheiro;1;7;
1088;Normal;44;90167;84;Engenheiro;0;3;
1089;Promo��o;10;162076;47;;0;3;
1090;Promo��o;84;53622;35;Artista;0;3;
1091;Promo��o;7;172913;63;Executivo;0;4;
1092;Promo��o;41;94316;94;Artista;0;6;
1093;Normal;87;141383;3;;7;5;
1094;Promo��o;33;67874;63;Artista;0;2;
1095;Promo��o;34;176554;58;Sa�de;1;2;
1096;Promo��o;53;135341;59;Sa�de;10;2;
1097;Promo��o;47;129019;53;Sa�de;0;3;
1098;Normal;53;107879;3;Doutor;1;6;
1099;Normal;92;79531;16;Artista;1;1;
1100;Normal;89;63379;78;Artista;12;7;
1101;Promo��o;27;156258;62;Entretenimento;0;4;
1102;Normal;70;67874;53;Entretenimento;9;3;
1103;Promo��o;86;159964;53;Engenheiro;5;6;
1104;Promo��o;99;103706;58;Entretenimento;1;2;
1105;Promo��o;96;64713;92;Entretenimento;2;7;
1106;Promo��o;65;90414;63;Artista;1;5;
1107;Promo��o;82;171100;30;Executivo;0;5;
1108;Normal;36;187305;85;Engenheiro;6;7;
1109;Promo��o;30;139758;42;Advogado;0;6;
1110;Promo��o;96;91226;52;Sa�de;0;5;
1111;Promo��o;69;143928;26;Engenheiro;9;7;
1112;Promo��o;34;92366;10;Sa�de;0;6;
1113;Normal;74;175041;37;Artista;4;1;
1114;Normal;97;147301;93;Advogado;1;5;
1115;Normal;56;119296;49;Engenheiro;0;7;
1116;Promo��o;30;126306;52;Artista;0;1;
1117;Normal;13;100647;49;Executivo;1;3;
1118;Promo��o;95;168663;19;Engenheiro;11;5;
1119;Promo��o;2;105391;11;Executivo;0;7;
1120;Promo��o;78;175179;39;Executivo;9;4;
1121;Promo��o;54;165019;20;Entretenimento;1;2;
1122;Promo��o;85;68212;22;Sa�de;7;4;
1123;Normal;13;64572;83;Artista;1;2;
1124;Promo��o;85;92591;100;Artista;8;2;
1125;Promo��o;41;69730;100;Artista;1;4;
1126;Promo��o;25;156793;58;Marketing;2;4;
1127;Promo��o;74;56848;49;Artista;5;1;
1128;Normal;8;148450;28;Sa�de;0;6;
1129;Normal;62;150619;51;Artista;10;6;
1130;Normal;52;100261;22;Artista;1;6;
1131;Promo��o;36;109895;52;Sa�de;5;2;
1132;Normal;11;152684;24;Advogado;0;3;
1133;Promo��o;84;133765;91;Artista;1;3;
1134;Promo��o;99;57677;95;Advogado;0;5;
1135;Promo��o;51;112358;35;Artista;0;6;
1136;Promo��o;57;73845;60;Artista;1;7;
1137;Normal;92;89531;42;Sa�de;6;2;
1138;Normal;29;118092;100;Entretenimento;7;3;
1139;Normal;62;144242;61;Entretenimento;1;4;
1140;Promo��o;43;140876;98;Entretenimento;0;4;
1141;Normal;72;76888;31;Marketing;0;1;
1142;Promo��o;28;116644;96;Artista;6;3;
1143;Promo��o;57;143021;1;Executivo;5;4;
1144;Promo��o;86;145679;87;Advogado;9;6;
1145;Promo��o;26;64398;3;Advogado;1;6;
1146;Promo��o;13;104512;41;Marketing;9;3;
1147;Normal;1;71564;60;Artista;0;5;
1148;Promo��o;89;122707;60;Constru��o;2;3;
1149;Promo��o;91;51733;92;Sa�de;0;5;
1150;Promo��o;67;138087;64;Marketing;1;7;
1151;Normal;63;147278;51;Advogado;0;4;
1152;Promo��o;90;187339;58;Sa�de;0;6;
1153;Promo��o;87;129972;93;Executivo;1;6;
1154;Promo��o;89;151176;51;Sa�de;1;2;
1155;Promo��o;34;74358;68;Artista;0;6;
1156;Normal;89;83953;82;Sa�de;0;3;
1157;Normal;31;62925;24;Engenheiro;1;6;
1158;Normal;55;65257;93;Doutor;2;3;
1159;Promo��o;3;188557;1;Sa�de;0;2;
1160;Normal;64;163783;84;Sa�de;3;1;
1161;Promo��o;1;108342;66;Doutor;0;3;
1162;Promo��o;20;155951;17;Sa�de;7;4;
1163;Promo��o;18;183071;37;Artista;7;4;
1164;Promo��o;83;124104;16;Sa�de;4;6;
1165;Promo��o;21;136747;1;Sa�de;1;1;
1166;Normal;19;189498;30;Artista;4;1;
1167;Promo��o;74;76149;56;Artista;9;6;
1168;Promo��o;44;185550;62;Artista;0;1;
1169;Promo��o;52;119567;27;Artista;5;2;
1170;Promo��o;14;79806;26;Engenheiro;1;6;
1171;Normal;10;180774;58;Entretenimento;0;5;
1172;Promo��o;80;90142;46;Advogado;1;2;
1173;Promo��o;82;184481;80;Executivo;0;2;
1174;Promo��o;32;66089;83;Artista;6;3;
1175;Promo��o;16;60044;91;Artista;4;1;
1176;Normal;61;52543;23;Executivo;0;6;
1177;Normal;57;50429;35;Artista;0;1;
1178;Normal;95;178228;45;Engenheiro;1;2;
1179;Promo��o;38;161130;100;Artista;8;3;
1180;Normal;70;87976;38;Advogado;1;6;
1181;Promo��o;40;179150;99;Artista;5;2;
1182;Promo��o;92;163442;28;Executivo;1;6;
1183;Promo��o;73;108159;26;Entretenimento;8;7;
1184;Promo��o;62;73419;10;Sa�de;0;1;
1185;Promo��o;12;138425;81;Doutor;11;6;
1186;Normal;65;54431;93;Sa�de;1;7;
1187;Promo��o;88;168437;89;Artista;2;2;
1188;Promo��o;55;71322;62;Entretenimento;1;6;
1189;Promo��o;99;122548;10;;2;5;
1190;Promo��o;20;141428;40;Entretenimento;1;5;
1191;Normal;97;142214;44;Artista;7;4;
1192;Promo��o;93;62590;51;Artista;9;6;
1193;Normal;84;172523;95;Artista;6;2;
1194;Promo��o;16;157588;72;Executivo;2;6;
1195;Promo��o;10;143313;26;Doutor;0;7;
1196;Promo��o;59;119833;34;Doutor;1;2;
1197;Promo��o;54;70803;43;Entretenimento;0;5;
1198;Normal;82;139008;59;Artista;1;4;
1199;Normal;83;126669;65;Artista;1;6;
1200;Normal;87;122722;10;Executivo;9;4;
1201;Normal;1;79800;39;Artista;0;1;
1202;Normal;89;100155;5;Sa�de;6;1;
1203;Promo��o;32;110846;57;Artista;0;2;
1204;Promo��o;1;106841;57;Entretenimento;0;3;
1205;Promo��o;54;117181;69;Doutor;12;5;
1206;Promo��o;56;86898;72;Sa�de;0;6;
1207;Promo��o;31;143241;77;Executivo;4;7;
1208;Promo��o;26;146028;29;Sa�de;0;5;
1209;Normal;7;165287;38;Doutor;0;3;
1210;Promo��o;60;132486;17;Artista;1;2;
1211;Normal;92;96424;86;Artista;8;5;
1212;Promo��o;93;151468;49;Artista;1;5;
1213;Promo��o;8;76561;48;Sa�de;0;1;
1214;Promo��o;81;125316;77;Advogado;0;6;
1215;Normal;21;109373;34;Entretenimento;4;2;
1216;Normal;96;135042;24;Artista;0;7;
1217;Promo��o;78;59784;89;Artista;3;3;
1218;Normal;86;140687;75;Artista;1;2;
1219;Normal;1;182927;28;Sa�de;0;1;
1220;Promo��o;62;175534;52;Artista;1;6;
1221;Normal;68;170957;6;Advogado;1;3;
1222;Normal;70;81197;88;Artista;0;4;
1223;Promo��o;21;104888;4;Sa�de;0;4;
1224;Normal;74;184838;18;;8;5;
1225;Promo��o;62;139588;62;Executivo;0;2;
1226;Normal;22;126543;45;Constru��o;0;3;
1227;Promo��o;87;177260;60;Entretenimento;14;2;
1228;Normal;44;156823;42;Sa�de;9;5;
1229;Promo��o;27;183201;48;Engenheiro;8;6;
1230;Promo��o;95;84925;54;Artista;4;6;
1231;Normal;89;69719;59;Artista;9;2;
1232;Promo��o;41;61355;9;Sa�de;1;3;
1233;Normal;41;156014;56;Doutor;14;5;
1234;Normal;21;184088;40;Entretenimento;11;7;
1235;Promo��o;59;158372;100;Artista;1;1;
1236;Promo��o;64;135742;63;Sa�de;1;7;
1237;Promo��o;38;145704;83;Marketing;0;4;
1238;Promo��o;70;157307;19;Executivo;4;3;
1239;Promo��o;25;88064;69;Executivo;1;5;
1240;Promo��o;3;167226;28;Constru��o;0;1;
1241;Promo��o;70;153821;9;Marketing;1;4;
1242;Normal;29;170669;78;Doutor;9;5;
1243;Normal;88;93555;25;Artista;3;3;
1244;Promo��o;20;101941;14;Sa�de;1;3;
1245;Promo��o;58;78795;40;Engenheiro;0;6;
1246;Promo��o;70;55875;90;Engenheiro;0;5;
1247;Promo��o;44;177513;77;Advogado;1;5;
1248;Promo��o;87;100850;79;Doutor;0;3;
1249;Promo��o;0;143082;51;Entretenimento;0;7;
1250;Promo��o;96;85447;13;Artista;9;6;
1251;Promo��o;75;114213;29;Doutor;9;4;
1252;Normal;14;161120;69;Executivo;0;1;
1253;Promo��o;8;186682;74;Entretenimento;0;1;
1254;Normal;58;105302;75;Doutor;0;3;
1255;Promo��o;5;133400;16;Engenheiro;0;6;
1256;Normal;70;56432;23;Engenheiro;0;5;
1257;Promo��o;49;136467;68;Sa�de;3;3;
1258;Normal;60;189945;20;Engenheiro;0;5;
1259;Promo��o;25;163966;44;Advogado;1;5;
1260;Normal;47;52152;29;Artista;0;3;
1261;Normal;53;145720;69;Constru��o;12;7;
1262;Normal;24;188034;61;Sa�de;1;5;
1263;Promo��o;46;127911;1;Constru��o;9;2;
1264;Promo��o;70;174114;27;Advogado;1;1;
1265;Normal;53;144489;46;Artista;14;3;
1266;Normal;63;77440;47;Advogado;0;5;
1267;Promo��o;24;86119;52;Artista;1;6;
1268;Promo��o;5;100056;37;Entretenimento;0;3;
1269;Normal;7;66686;42;Artista;0;7;
1270;Promo��o;71;74696;37;Doutor;1;6;
1271;Normal;23;65641;62;Entretenimento;4;5;
1272;Promo��o;0;61228;69;Entretenimento;0;6;
1273;Promo��o;2;138529;56;Sa�de;0;4;
1274;Promo��o;72;152405;13;Artista;1;4;
1275;Normal;18;157757;84;Doutor;0;4;
1276;Normal;11;166361;59;Engenheiro;6;4;
1277;Promo��o;95;67227;38;Artista;1;7;
1278;Normal;20;161156;88;Engenheiro;0;4;
1279;Promo��o;58;170647;66;Sa�de;1;7;
1280;Promo��o;67;161646;32;Sa�de;0;2;
1281;Normal;43;98016;18;Sa�de;9;6;
1282;Normal;36;50526;31;Artista;0;6;
1283;Normal;2;175208;16;Executivo;0;4;
1284;Promo��o;35;97721;44;Engenheiro;0;7;
1285;Promo��o;81;142013;89;Entretenimento;3;4;
1286;Normal;84;166737;88;Artista;0;3;
1287;Promo��o;18;62651;21;Entretenimento;0;2;
1288;Promo��o;54;179546;1;Constru��o;8;4;
1289;Promo��o;98;51866;96;Artista;12;7;
1290;Promo��o;75;86297;38;Executivo;9;4;
1291;Promo��o;98;65031;31;Artista;0;4;
1292;Normal;94;69383;37;Entretenimento;0;2;
1293;Normal;24;70733;75;Artista;5;3;
1294;Promo��o;47;187898;97;Artista;6;2;
1295;Promo��o;40;116001;51;Engenheiro;1;4;
1296;Normal;68;87040;16;Artista;9;1;
1297;Promo��o;18;180956;82;Artista;2;2;
1298;Promo��o;83;115517;78;Sa�de;0;6;
1299;Normal;34;76979;46;Advogado;1;3;
1300;Normal;81;50798;75;Artista;10;5;
1301;Promo��o;61;146350;51;Artista;1;3;
1302;Promo��o;77;81112;57;Sa�de;5;3;
1303;Normal;52;80605;20;Doutor;1;6;
1304;Normal;40;171949;11;Doutor;1;6;
1305;Normal;93;159006;38;Artista;8;6;
1306;Promo��o;45;177368;92;Sa�de;1;2;
1307;Promo��o;83;187643;13;Artista;1;1;
1308;Normal;23;93841;25;Advogado;0;7;
1309;Normal;15;131061;92;Sa�de;0;7;
1310;Normal;79;146130;32;Entretenimento;6;6;
1311;Normal;80;84471;79;Doutor;1;5;
1312;Promo��o;35;144485;23;Entretenimento;0;4;
1313;Promo��o;39;158638;74;Sa�de;2;5;
1314;Normal;4;96693;20;Entretenimento;0;4;
1315;Promo��o;83;129507;89;Sa�de;4;7;
1316;Promo��o;94;114510;35;Sa�de;0;4;
1317;Promo��o;33;109396;13;;1;2;
1318;Promo��o;12;149031;100;Artista;10;5;
1319;Promo��o;77;66256;9;Advogado;1;2;
1320;Promo��o;48;118285;65;Doutor;8;4;
1321;Normal;97;128723;70;Artista;4;5;
1322;Promo��o;28;178285;99;Artista;4;7;
1323;Promo��o;99;144176;75;Marketing;7;2;
1324;Normal;27;82474;43;Artista;9;3;
1325;Promo��o;95;159010;80;Advogado;6;2;
1326;Promo��o;6;76164;71;Artista;0;2;
1327;Normal;18;77873;49;Executivo;6;5;
1328;Normal;42;53392;100;Artista;6;4;
1329;Normal;50;168898;53;Artista;9;7;
1330;Normal;86;128917;7;Constru��o;5;5;
1331;Normal;69;185067;49;Advogado;5;4;
1332;Normal;23;132183;95;Artista;10;3;
1333;Promo��o;82;82060;42;Sa�de;7;1;
1334;Promo��o;97;133614;66;Artista;7;4;
1335;Normal;42;94844;64;;7;6;
1336;Promo��o;75;76474;1;Doutor;5;5;
1337;Promo��o;14;94655;5;Sa�de;8;1;
1338;Normal;3;60933;3;Doutor;0;1;
1339;Normal;16;79257;82;Sa�de;6;2;
1340;Promo��o;45;125677;44;Entretenimento;5;2;
1341;Promo��o;23;127971;64;Artista;1;5;
1342;Normal;38;76103;62;Executivo;9;3;
1343;Promo��o;45;114741;100;Artista;0;5;
1344;Promo��o;82;157994;100;Artista;1;1;
1345;Normal;73;93786;56;Entretenimento;3;1;
1346;Normal;36;75178;53;Entretenimento;1;7;
1347;Normal;13;175267;81;Sa�de;1;4;
1348;Promo��o;96;99263;96;Sa�de;8;1;
1349;Promo��o;83;52590;1;Sa�de;0;4;
1350;Normal;33;170959;87;Artista;0;4;
1351;Normal;68;135076;60;Engenheiro;1;5;
1352;Normal;88;167112;34;Advogado;0;1;
1353;Promo��o;87;184639;8;Doutor;1;6;
1354;Promo��o;88;172369;88;Artista;6;6;
1355;Promo��o;43;124256;68;Marketing;1;7;
1356;Promo��o;64;89972;100;Artista;10;6;
1357;Normal;96;67799;54;Entretenimento;1;6;
1358;Promo��o;72;176074;66;Doutor;1;7;
1359;Normal;48;167517;39;Artista;2;7;
1360;Promo��o;64;77914;19;Artista;1;6;
1361;Promo��o;8;57605;50;Doutor;0;2;
1362;Promo��o;52;86365;66;Engenheiro;1;7;
1363;Normal;3;93883;12;Sa�de;0;2;
1364;Promo��o;44;131091;70;Artista;4;1;
1365;Normal;14;87222;14;Sa�de;8;4;
1366;Promo��o;50;117076;41;Doutor;1;2;
1367;Normal;53;150925;1;Sa�de;1;2;
1368;Promo��o;31;149379;96;Advogado;0;3;
1369;Promo��o;31;138644;90;Engenheiro;4;3;
1370;Normal;97;148493;42;Doutor;4;7;
1371;Normal;27;84658;66;Advogado;4;6;
1372;Normal;2;111618;72;Advogado;0;5;
1373;Normal;81;108759;72;Artista;7;6;
1374;Normal;64;186203;92;Artista;10;5;
1375;Promo��o;11;147258;62;Advogado;10;2;
1376;Promo��o;78;132983;63;Sa�de;7;7;
1377;Normal;72;149092;39;Engenheiro;8;1;
1378;Normal;36;163845;84;Doutor;5;7;
1379;Normal;97;117777;79;Artista;5;5;
1380;Normal;88;131584;30;Artista;7;3;
1381;Promo��o;21;123904;99;Artista;7;5;
1382;Promo��o;62;89801;96;Artista;5;4;
1383;Normal;73;173466;76;Entretenimento;10;5;
1384;Promo��o;34;55690;6;Marketing;4;6;
1385;Promo��o;50;104467;68;;5;1;
1386;Normal;39;100419;31;Artista;5;4;
1387;Promo��o;82;62951;43;Advogado;8;2;
1388;Normal;39;118554;1;Advogado;4;6;
1389;Promo��o;13;140673;57;Artista;6;7;
1390;Promo��o;68;75561;83;Sa�de;5;3;
1391;Promo��o;77;147306;46;Sa�de;6;6;
1392;Promo��o;35;111871;33;Doutor;10;1;
1393;Normal;5;112884;16;Sa�de;0;6;
1394;Promo��o;47;121267;54;Engenheiro;1;1;
1395;Promo��o;48;151519;100;Artista;7;2;
1396;Promo��o;34;105448;48;Artista;0;5;
1397;Promo��o;20;92048;87;Sa�de;1;1;
1398;Normal;61;99980;100;Sa�de;10;1;
1399;Normal;16;84003;80;Artista;9;6;
1400;Normal;2;110889;68;Executivo;0;2;
1401;Promo��o;52;82478;98;Executivo;10;1;
1402;Normal;99;139685;20;Sa�de;1;4;
1403;Promo��o;84;182374;70;Entretenimento;0;6;
1404;Promo��o;58;119366;90;Engenheiro;4;2;
1405;Promo��o;91;53788;53;Doutor;0;2;
1406;Promo��o;1;90341;61;Doutor;0;2;
1407;Promo��o;67;118348;90;Engenheiro;1;7;
1408;Normal;56;137428;99;Artista;0;2;
1409;Promo��o;62;106982;61;Entretenimento;1;7;
1410;Promo��o;12;98532;48;Doutor;0;6;
1411;Promo��o;38;120825;20;Executivo;9;7;
1412;Promo��o;51;58006;79;Executivo;1;5;
1413;Normal;20;106941;85;Artista;1;1;
1414;Normal;43;129782;43;Entretenimento;1;2;
1415;Normal;93;121513;90;Engenheiro;0;6;
1416;Promo��o;54;79925;26;Sa�de;0;3;
1417;Normal;23;112089;74;Sa�de;7;7;
1418;Promo��o;1;138656;1;;0;4;
1419;Promo��o;64;146794;86;Sa�de;8;3;
1420;Promo��o;55;75033;26;Engenheiro;5;5;
1421;Promo��o;85;149969;74;Executivo;0;6;
1422;Promo��o;20;124852;35;Sa�de;5;5;
1423;Normal;73;154837;42;Executivo;8;4;
1424;Promo��o;53;145678;51;Executivo;0;1;
1425;Promo��o;7;137354;77;Artista;0;7;
1426;Promo��o;50;136660;56;Entretenimento;1;3;
1427;Promo��o;12;63334;100;Artista;0;6;
1428;Normal;37;62893;29;Executivo;1;5;
1429;Normal;78;163514;89;Doutor;9;2;
1430;Normal;29;145934;52;Marketing;10;2;
1431;Promo��o;54;119223;61;Advogado;10;7;
1432;Normal;89;127479;25;Doutor;10;2;
1433;Promo��o;25;136146;100;Artista;6;6;
1434;Promo��o;14;76001;54;Artista;7;3;
1435;Promo��o;12;84885;20;Sa�de;6;2;
1436;Promo��o;18;82812;13;Artista;6;2;
1437;Normal;74;51260;55;Entretenimento;5;5;
1438;Normal;21;159572;42;Sa�de;5;5;
1439;Normal;9;130186;80;Artista;0;7;
1440;Promo��o;49;176954;65;Artista;5;6;
1441;Normal;58;85908;100;Artista;5;4;
1442;Promo��o;16;75831;8;Sa�de;10;7;
1443;Promo��o;55;123045;52;Engenheiro;7;3;
1444;Promo��o;31;161211;6;Advogado;9;1;
1445;Promo��o;59;81702;28;Marketing;6;4;
1446;Promo��o;25;173043;13;Artista;8;6;
1447;Normal;63;126380;100;Artista;6;1;
1448;Promo��o;60;128205;23;Sa�de;6;5;
1449;Promo��o;41;181355;88;Artista;10;3;
1450;Promo��o;84;97931;66;Sa�de;9;7;
1451;Normal;72;146432;37;Artista;6;1;
1452;Promo��o;97;125731;49;Artista;6;4;
1453;Promo��o;43;132701;66;Sa�de;5;2;
1454;Promo��o;63;116095;16;Artista;5;1;
1455;Promo��o;7;135773;30;Artista;0;5;
1456;Normal;54;136417;45;Sa�de;9;6;
1457;Normal;27;80783;94;Artista;9;3;
1458;Normal;28;182580;60;Executivo;6;6;
1459;Promo��o;84;143567;56;Artista;7;2;
1460;Normal;71;85908;97;Entretenimento;5;4;
1461;Promo��o;88;139806;100;Entretenimento;4;4;
1462;Promo��o;75;77269;32;Artista;8;1;
1463;Promo��o;96;105968;61;Engenheiro;4;5;
1464;Promo��o;83;125660;22;Engenheiro;10;4;
1465;Promo��o;86;98444;84;Entretenimento;7;4;
1466;Normal;60;179503;21;Artista;4;3;
1467;Promo��o;5;60575;1;Engenheiro;0;2;
1468;Promo��o;65;75685;20;Marketing;7;3;
1469;Promo��o;49;85374;53;Artista;8;5;
1470;Promo��o;78;128642;20;Marketing;5;6;
1471;Normal;25;182292;90;Artista;7;5;
1472;Promo��o;5;124702;80;Artista;0;3;
1473;Promo��o;58;127833;13;Artista;7;7;
1474;Promo��o;80;178866;100;Artista;8;4;
1475;Promo��o;94;183643;59;Artista;5;5;
1476;Normal;62;113306;4;Executivo;5;6;
1477;Normal;20;84008;89;Artista;8;4;
1478;Normal;85;85758;42;Advogado;10;4;
1479;Promo��o;72;63128;41;Engenheiro;8;7;
1480;Normal;95;70174;13;Executivo;10;6;
1481;Promo��o;97;170133;38;Engenheiro;5;5;
1482;Promo��o;25;165978;50;Artista;7;3;
1483;Promo��o;17;149727;86;Artista;7;3;
1484;Promo��o;19;147052;82;;9;4;
1485;Promo��o;59;113389;75;Doutor;4;6;
1486;Normal;30;111690;92;Entretenimento;10;4;
1487;Promo��o;63;184830;56;Doutor;9;3;
1488;Promo��o;23;91549;31;Artista;4;3;
1489;Promo��o;97;94629;18;Marketing;6;3;
1490;Promo��o;97;167558;100;Artista;4;7;
1491;Normal;94;119189;69;Artista;9;3;
1492;Promo��o;28;96207;75;Artista;5;5;
1493;Normal;21;85339;6;Doutor;4;7;
1494;Promo��o;25;111942;15;Artista;5;5;
1495;Promo��o;48;157003;41;Engenheiro;5;4;
1496;Promo��o;53;117123;31;Artista;9;7;
1497;Promo��o;97;172747;84;Artista;7;2;
1498;Normal;33;157358;52;Sa�de;7;4;
1499;Normal;5;156655;12;Entretenimento;0;5;
1500;Normal;72;166043;93;Doutor;7;6;
1501;Normal;40;67768;22;Doutor;10;6;
1502;Normal;34;171353;34;Doutor;8;4;
1503;Promo��o;63;116971;72;Executivo;7;5;
1504;Promo��o;85;97822;34;Doutor;5;3;
1505;Promo��o;86;117203;86;Sa�de;10;3;
1506;Promo��o;63;88720;100;Artista;10;1;
1507;Promo��o;9;173233;1;;0;1;
1508;Promo��o;76;139447;44;Artista;8;7;
1509;Normal;19;179269;100;Entretenimento;6;3;
1510;Promo��o;84;136254;86;Engenheiro;5;6;
1511;Normal;38;174594;56;Executivo;8;2;
1512;Promo��o;1;100429;7;Entretenimento;0;1;
1513;Promo��o;30;73107;56;Artista;9;1;
1514;Promo��o;86;98344;33;Artista;6;6;
1515;Normal;21;163509;28;Sa�de;10;1;
1516;Normal;15;116204;16;Engenheiro;8;2;
1517;Promo��o;87;95853;49;Sa�de;9;1;
1518;Normal;40;156411;82;Artista;6;5;
1519;Normal;2;72889;9;Constru��o;0;7;
1520;Promo��o;63;106691;75;Sa�de;9;3;
1521;Normal;26;144832;54;Artista;5;3;
1522;Normal;29;132297;65;Entretenimento;8;1;
1523;Promo��o;7;170345;1;Executivo;0;5;
1524;Normal;28;157383;13;Advogado;8;2;
1525;Promo��o;99;150782;14;Executivo;8;2;
1526;Normal;69;143987;94;Sa�de;10;5;
1527;Promo��o;13;129659;67;Entretenimento;6;7;
1528;Normal;73;104826;36;Sa�de;5;1;
1529;Promo��o;4;181471;35;Sa�de;0;4;
1530;Promo��o;42;152547;64;Artista;7;4;
1531;Normal;43;85347;9;Doutor;1;1;
1532;Promo��o;79;122828;28;Executivo;0;5;
1533;Normal;18;107794;17;Engenheiro;0;5;
1534;Normal;39;152566;23;Entretenimento;1;7;
1535;Promo��o;41;91715;100;Entretenimento;0;3;
1536;Promo��o;60;99222;56;Artista;1;6;
1537;Promo��o;39;70280;95;Engenheiro;0;4;
1538;Promo��o;90;70030;82;Sa�de;1;2;
1539;Promo��o;83;102083;32;Artista;1;1;
1540;Promo��o;92;166163;83;Engenheiro;8;5;
1541;Promo��o;6;182871;1;Engenheiro;0;6;
1542;Normal;50;187545;61;Executivo;4;6;
1543;Normal;90;182910;98;Entretenimento;0;1;
1544;Promo��o;13;174530;26;Advogado;1;6;
1545;Promo��o;27;115438;45;Artista;0;6;
1546;Promo��o;93;93964;88;Artista;4;2;
1547;Promo��o;61;180341;71;Sa�de;1;3;
1548;Promo��o;91;107323;1;Engenheiro;7;7;
1549;Promo��o;79;119435;63;Entretenimento;0;7;
1550;Promo��o;80;68341;88;Artista;13;6;
1551;Promo��o;16;95365;68;Artista;0;5;
1552;Normal;4;131093;52;Advogado;0;7;
1553;Promo��o;34;100621;1;Sa�de;1;1;
1554;Normal;10;116521;20;Doutor;0;2;
1555;Promo��o;3;136316;57;Executivo;0;3;
1556;Normal;96;172039;51;Advogado;0;6;
1557;Promo��o;48;70844;30;Entretenimento;0;3;
1558;Normal;25;100964;100;Marketing;1;6;
1559;Promo��o;98;128037;47;Entretenimento;6;2;
1560;Normal;84;97081;80;Marketing;1;3;
1561;Normal;88;92247;52;Marketing;0;6;
1562;Normal;86;129914;100;Artista;1;3;
1563;Promo��o;0;94014;22;Engenheiro;0;5;
1564;Promo��o;56;138864;100;Artista;0;5;
1565;Normal;6;169299;24;Marketing;0;5;
1566;Normal;2;119097;13;Sa�de;0;7;
1567;Promo��o;73;68161;19;Doutor;1;2;
1568;Promo��o;38;181108;28;Constru��o;1;1;
1569;Normal;37;87764;59;Engenheiro;9;7;
1570;Promo��o;41;102543;62;Artista;7;3;
1571;Normal;94;139417;25;Artista;1;3;
1572;Promo��o;57;81802;25;Constru��o;9;1;
1573;Promo��o;96;102788;59;Artista;0;1;
1574;Promo��o;59;163179;15;Sa�de;1;7;
1575;Normal;87;71318;22;Sa�de;1;3;
1576;Normal;55;63683;34;Sa�de;3;1;
1577;Promo��o;16;189689;33;Sa�de;8;5;
1578;Normal;82;121610;48;Artista;0;5;
1579;Promo��o;83;150682;33;Artista;1;1;
1580;Promo��o;96;124550;47;Marketing;0;3;
1581;Normal;55;148875;100;Artista;0;4;
1582;Normal;6;107117;36;Artista;0;3;
1583;Normal;33;109223;43;Engenheiro;1;5;
1584;Promo��o;0;120899;1;Marketing;0;6;
1585;Promo��o;27;101948;39;Artista;0;5;
1586;Normal;72;143169;58;Engenheiro;0;4;
1587;Promo��o;13;167619;1;Sa�de;7;6;
1588;Promo��o;19;181795;55;Sa�de;3;5;
1589;Promo��o;48;186445;37;Engenheiro;0;1;
1590;Promo��o;58;102205;32;Artista;1;1;
1591;Promo��o;21;52326;65;Sa�de;0;2;
1592;Normal;91;82992;17;Entretenimento;1;5;
1593;Normal;44;145520;55;Constru��o;1;7;
1594;Promo��o;80;104820;100;Artista;2;4;
1595;Promo��o;28;69025;87;Entretenimento;0;2;
1596;Normal;74;164976;100;Entretenimento;0;4;
1597;Promo��o;79;178576;47;Executivo;5;5;
1598;Promo��o;42;72415;53;Marketing;0;5;
1599;Normal;80;112146;36;Entretenimento;0;3;
1600;Normal;8;144830;35;Artista;0;1;
1601;Promo��o;24;51661;87;Entretenimento;0;7;
1602;Promo��o;71;152910;98;Artista;1;6;
1603;Normal;1;114556;56;Entretenimento;0;7;
1604;Normal;0;143455;35;Sa�de;0;6;
1605;Normal;30;173096;92;Sa�de;0;3;
1606;Promo��o;52;121172;93;Sa�de;5;4;
1607;Promo��o;34;56492;11;Constru��o;8;1;
1608;Normal;64;156422;51;Entretenimento;1;7;
1609;Normal;17;131863;100;Artista;1;7;
1610;Normal;71;118096;36;Advogado;0;3;
1611;Normal;87;149685;30;Executivo;9;6;
1612;Promo��o;68;89765;36;Artista;0;7;
1613;Promo��o;14;177701;57;Entretenimento;0;6;
1614;Normal;24;64738;79;Artista;0;6;
1615;Promo��o;10;92734;1;Advogado;0;4;
1616;Promo��o;53;146877;43;Sa�de;4;3;
1617;Promo��o;39;62935;68;Artista;0;7;
1618;Promo��o;16;67178;25;Entretenimento;8;3;
1619;Promo��o;64;115754;31;Engenheiro;1;3;
1620;Promo��o;41;186470;29;Artista;0;7;
1621;Normal;16;100939;34;Sa�de;7;6;
1622;Promo��o;94;86172;63;Artista;4;4;
1623;Promo��o;40;184222;13;Sa�de;0;2;
1624;Normal;81;71543;13;Entretenimento;1;4;
1625;Promo��o;18;174836;59;Sa�de;0;4;
1626;Promo��o;78;130706;68;;3;6;
1627;Normal;8;74407;73;Doutor;0;6;
1628;Normal;64;130055;46;Sa�de;2;1;
1629;Normal;45;88707;81;Sa�de;0;5;
1630;Normal;99;162762;52;Sa�de;1;1;
1631;Normal;59;154821;77;Doutor;0;2;
1632;Normal;53;57248;66;Advogado;5;5;
1633;Promo��o;66;99902;57;Engenheiro;10;2;
1634;Promo��o;1;165711;38;Artista;0;2;
1635;Normal;73;97455;55;;6;4;
1636;Promo��o;34;93866;51;Entretenimento;9;2;
1637;Promo��o;1;141307;1;Sa�de;0;3;
1638;Normal;73;172011;9;Doutor;1;5;
1639;Normal;90;68138;18;Sa�de;2;7;
1640;Promo��o;32;123246;96;Constru��o;8;6;
1641;Promo��o;47;124194;28;Doutor;1;7;
1642;Normal;15;188696;87;Constru��o;8;3;
1643;Promo��o;78;91213;80;Advogado;3;5;
1644;Promo��o;83;166650;95;Sa�de;1;3;
1645;Normal;2;52727;52;Artista;0;3;
1646;Normal;75;126469;98;Entretenimento;1;2;
1647;Normal;45;138775;17;Executivo;0;7;
1648;Promo��o;49;68901;66;Doutor;7;7;
1649;Promo��o;41;118621;3;Constru��o;0;7;
1650;Normal;34;109263;89;Entretenimento;0;1;
1651;Normal;82;150012;83;Sa�de;3;6;
1652;Normal;37;133850;90;Marketing;9;3;
1653;Promo��o;25;81640;100;Entretenimento;1;6;
1654;Promo��o;52;133214;6;Marketing;9;7;
1655;Promo��o;23;186723;50;Entretenimento;8;5;
1656;Promo��o;96;92100;31;Artista;9;3;
1657;Normal;5;64484;1;Constru��o;0;5;
1658;Promo��o;47;69024;1;Sa�de;4;5;
1659;Normal;81;171194;67;Artista;0;5;
1660;Promo��o;4;183282;22;Artista;0;1;
1661;Promo��o;8;100099;43;Sa�de;0;3;
1662;Promo��o;35;164435;22;Advogado;1;3;
1663;Normal;67;172407;60;Doutor;9;3;
1664;Promo��o;9;84781;1;Executivo;0;3;
1665;Normal;82;186130;61;Advogado;3;7;
1666;Promo��o;2;56782;1;Artista;0;5;
1667;Normal;95;137206;16;Artista;0;4;
1668;Promo��o;9;146950;61;Doutor;0;5;
1669;Promo��o;99;174275;1;Sa�de;0;2;
1670;Normal;96;97705;41;Constru��o;8;2;
1671;Normal;92;188984;69;Advogado;1;4;
1672;Normal;24;119238;67;Artista;1;3;
1673;Normal;58;87923;31;Entretenimento;0;5;
1674;Normal;15;128573;97;Executivo;1;1;
1675;Promo��o;13;132374;97;Marketing;0;3;
1676;Promo��o;51;135164;83;Artista;9;3;
1677;Normal;9;165194;2;Artista;0;3;
1678;Normal;0;126060;65;Doutor;0;3;
1679;Normal;67;89366;55;Sa�de;9;3;
1680;Normal;58;95172;77;Sa�de;1;5;
1681;Promo��o;55;95975;45;Executivo;0;1;
1682;Promo��o;52;165573;55;Sa�de;0;7;
1683;Normal;83;180887;71;Entretenimento;1;1;
1684;Promo��o;83;142720;82;Executivo;0;1;
1685;Promo��o;90;113460;50;Advogado;1;7;
1686;Normal;87;110434;32;Artista;7;3;
1687;Promo��o;67;146016;46;Artista;1;6;
1688;Normal;81;101073;67;Executivo;0;7;
1689;Promo��o;36;62617;18;Artista;9;3;
1690;Promo��o;51;96028;45;Artista;0;5;
1691;Promo��o;31;186334;45;Artista;0;1;
1692;Promo��o;57;163473;60;Artista;0;1;
1693;Normal;83;89819;71;Artista;4;2;
1694;Promo��o;51;69388;29;Engenheiro;3;4;
1695;Promo��o;15;134748;77;Marketing;1;6;
1696;Promo��o;18;149915;97;Doutor;14;1;
1697;Promo��o;88;104098;44;Sa�de;1;6;
1698;Normal;70;80160;22;Artista;8;5;
1699;Normal;9;124125;80;Artista;0;2;
1700;Normal;6;170226;4;Advogado;0;3;
1701;Promo��o;8;53306;67;Engenheiro;0;2;
1702;Normal;55;103933;31;Executivo;6;3;
1703;Promo��o;69;85401;18;Entretenimento;4;6;
1704;Promo��o;18;53812;28;Constru��o;9;5;
1705;Promo��o;13;60771;58;Entretenimento;1;7;
1706;Promo��o;69;56398;83;Entretenimento;8;3;
1707;Promo��o;69;171118;87;Engenheiro;9;3;
1708;Normal;69;79806;73;Sa�de;0;5;
1709;Promo��o;89;150187;31;Sa�de;0;5;
1710;Promo��o;45;129455;10;Advogado;0;3;
1711;Promo��o;75;116813;87;Entretenimento;10;6;
1712;Promo��o;54;95734;35;Constru��o;8;7;
1713;Normal;33;76654;60;Artista;4;1;
1714;Normal;67;86289;100;Artista;1;5;
1715;Normal;26;176147;19;Sa�de;0;1;
1716;Promo��o;5;142351;80;Entretenimento;0;7;
1717;Normal;65;186673;51;Doutor;1;1;
1718;Promo��o;94;131521;70;Artista;0;6;
1719;Promo��o;95;50223;23;Entretenimento;8;1;
1720;Promo��o;48;74308;31;Entretenimento;1;2;
1721;Promo��o;41;155881;18;Advogado;0;7;
1722;Promo��o;92;168303;12;Executivo;9;4;
1723;Normal;44;182748;58;Engenheiro;1;7;
1724;Promo��o;35;52374;81;Artista;1;1;
1725;Promo��o;34;86154;13;Doutor;1;2;
1726;Promo��o;52;163612;47;Executivo;0;5;
1727;Promo��o;64;64756;25;Marketing;10;1;
1728;Normal;62;185257;70;Artista;1;4;
1729;Normal;58;78669;87;Artista;1;7;
1730;Normal;15;164520;59;Artista;1;7;
1731;Promo��o;65;92135;45;Constru��o;6;4;
1732;Normal;20;103195;68;Doutor;0;7;
1733;Promo��o;21;161663;32;Executivo;1;7;
1734;Promo��o;79;57039;42;Artista;2;6;
1735;Promo��o;91;54754;13;Artista;0;2;
1736;Promo��o;92;136531;72;Engenheiro;1;4;
1737;Normal;62;120838;91;Artista;1;4;
1738;Normal;94;127927;48;Doutor;0;4;
1739;Normal;10;164214;50;Advogado;0;4;
1740;Promo��o;53;145498;74;Artista;8;4;
1741;Normal;7;129215;61;Entretenimento;0;6;
1742;Promo��o;92;152429;84;Entretenimento;0;2;
1743;Promo��o;12;89252;39;Entretenimento;0;5;
1744;Promo��o;31;147447;19;Doutor;6;7;
1745;Promo��o;93;74467;29;Advogado;5;1;
1746;Promo��o;66;127410;33;Engenheiro;8;2;
1747;Normal;49;91290;44;Sa�de;7;7;
1748;Promo��o;64;92812;100;Artista;5;7;
1749;Promo��o;27;170166;62;Artista;10;4;
1750;Promo��o;33;150823;83;Artista;4;1;
1751;Normal;79;95839;30;Executivo;7;2;
1752;Promo��o;14;60175;56;Executivo;9;7;
1753;Promo��o;22;153024;100;Artista;10;7;
1754;Promo��o;8;116858;55;Artista;0;7;
1755;Promo��o;6;122961;16;Doutor;0;2;
1756;Normal;81;141471;57;Artista;8;6;
1757;Normal;69;76155;14;Sa�de;8;7;
1758;Normal;0;108169;4;Executivo;0;3;
1759;Promo��o;61;139520;47;Artista;8;4;
1760;Normal;62;182631;64;Artista;5;3;
1761;Promo��o;95;177134;81;Sa�de;10;2;
1762;Promo��o;32;181703;50;Advogado;6;2;
1763;Promo��o;13;61917;24;Artista;7;2;
1764;Promo��o;1;140648;5;Executivo;0;7;
1765;Promo��o;63;176783;36;Doutor;9;4;
1766;Normal;75;59741;86;Artista;10;5;
1767;Promo��o;43;156567;85;Engenheiro;7;6;
1768;Promo��o;29;110309;29;Artista;6;2;
1769;Promo��o;82;111077;63;Artista;9;7;
1770;Promo��o;87;170333;100;Entretenimento;4;2;
1771;Normal;66;183339;51;Artista;7;4;
1772;Promo��o;99;84167;61;Artista;10;7;
1773;Promo��o;54;184815;46;Advogado;6;3;
1774;Promo��o;49;122556;82;Artista;9;7;
1775;Promo��o;60;174768;74;Entretenimento;9;2;
1776;Normal;75;172309;82;Executivo;4;1;
1777;Normal;77;117920;11;Doutor;10;4;
1778;Normal;34;134882;80;Artista;10;3;
1779;Promo��o;63;77259;7;Advogado;6;6;
1780;Normal;38;170019;50;Artista;7;2;
1781;Promo��o;68;176884;97;Engenheiro;10;2;
1782;Promo��o;80;106709;100;Marketing;10;2;
1783;Promo��o;8;168723;1;Constru��o;0;2;
1784;Promo��o;86;90228;64;Engenheiro;7;5;
1785;Promo��o;1;89473;61;Advogado;0;4;
1786;Normal;56;131911;42;Sa�de;7;7;
1787;Promo��o;14;140107;64;Marketing;6;6;
1788;Promo��o;4;170403;32;Artista;0;5;
1789;Promo��o;58;51416;42;;7;5;
1790;Promo��o;6;52648;1;Artista;0;2;
1791;Normal;17;125471;48;Engenheiro;7;1;
1792;Promo��o;55;106153;77;Artista;10;1;
1793;Normal;14;124785;28;Advogado;7;2;
1794;Promo��o;22;101474;17;Constru��o;10;2;
1795;Promo��o;8;141359;34;Sa�de;0;5;
1796;Promo��o;70;57596;100;Artista;4;1;
1797;Promo��o;67;78489;89;Artista;7;5;
1798;Normal;50;112957;71;Executivo;5;3;
1799;Normal;72;82377;37;Engenheiro;9;2;
1800;Normal;76;82315;53;Engenheiro;6;1;
1801;Normal;80;93253;63;Artista;4;5;
1802;Normal;20;189650;60;Advogado;8;4;
1803;Promo��o;89;114858;68;Artista;10;1;
1804;Promo��o;18;62151;26;Artista;8;2;
1805;Promo��o;75;135159;8;Engenheiro;7;6;
1806;Promo��o;5;126263;29;Marketing;0;3;
1807;Promo��o;79;123064;56;Artista;10;4;
1808;Promo��o;31;181773;36;Sa�de;8;1;
1809;Normal;92;171794;77;Artista;6;5;
1810;Promo��o;15;156339;23;Constru��o;6;2;
1811;Normal;94;65483;96;Marketing;10;7;
1812;Promo��o;35;145654;18;Executivo;6;3;
1813;Promo��o;68;91609;51;Entretenimento;8;1;
1814;Promo��o;29;53002;69;Advogado;5;5;
1815;Normal;87;115699;61;Sa�de;9;1;
1816;Normal;33;149609;44;Executivo;9;2;
1817;Promo��o;29;165254;3;Executivo;9;7;
1818;Normal;43;50418;49;Sa�de;5;1;
1819;Normal;43;103531;100;Artista;10;5;
1820;Promo��o;66;184060;100;Artista;10;5;
1821;Normal;23;75961;70;Executivo;5;7;
1822;Normal;87;174163;40;Artista;4;2;
1823;Promo��o;81;105255;50;Executivo;8;3;
1824;Normal;42;51860;4;Advogado;4;5;
1825;Promo��o;32;185218;79;Sa�de;4;6;
1826;Normal;7;189709;10;Artista;0;6;
1827;Promo��o;91;134665;74;Artista;7;2;
1828;Normal;95;91352;9;Doutor;7;3;
1829;Promo��o;10;154623;9;Artista;0;6;
1830;Promo��o;20;113767;96;Artista;6;2;
1831;Normal;5;160469;34;Advogado;0;1;
1832;Promo��o;84;99418;35;Artista;4;2;
1833;Normal;54;56215;41;Sa�de;10;4;
1834;Normal;12;55639;63;Sa�de;8;1;
1835;Promo��o;90;62504;100;Artista;10;4;
1836;Promo��o;19;151382;34;Advogado;1;1;
1837;Promo��o;91;156574;97;Marketing;0;7;
1838;Promo��o;90;60998;43;Entretenimento;1;7;
1839;Promo��o;60;108509;32;Doutor;0;2;
1840;Promo��o;68;85540;45;Constru��o;9;1;
1841;Promo��o;43;73915;62;Artista;11;2;
1842;Normal;52;148901;77;Sa�de;4;4;
1843;Normal;81;152602;100;Entretenimento;0;1;
1844;Promo��o;54;58999;30;Entretenimento;7;3;
1845;Promo��o;43;133740;45;Artista;5;4;
1846;Promo��o;20;113217;37;Advogado;9;1;
1847;Promo��o;71;60209;54;Artista;1;3;
1848;Promo��o;26;145491;80;Entretenimento;9;5;
1849;Promo��o;75;61393;61;Doutor;7;5;
1850;Promo��o;52;133252;63;Artista;1;1;
1851;Promo��o;40;187234;10;Doutor;0;5;
1852;Normal;5;145563;52;Entretenimento;0;6;
1853;Promo��o;46;165810;34;Sa�de;3;5;
1854;Normal;98;125181;42;Artista;0;7;
1855;Promo��o;84;56809;92;Sa�de;1;2;
1856;Normal;35;69419;68;Sa�de;9;1;
1857;Promo��o;78;70689;62;Artista;1;4;
1858;Normal;64;55011;65;Artista;1;7;
1859;Promo��o;98;87955;75;Engenheiro;0;2;
1860;Normal;66;153660;24;Sa�de;0;5;
1861;Normal;32;104494;28;Sa�de;6;4;
1862;Normal;22;184443;44;Executivo;3;7;
1863;Promo��o;17;150778;43;Entretenimento;1;7;
1864;Promo��o;22;88729;77;Engenheiro;1;1;
1865;Normal;9;151902;10;Artista;0;2;
1866;Normal;24;51604;16;Artista;0;2;
1867;Promo��o;8;157316;63;Artista;0;3;
1868;Promo��o;52;125508;23;Artista;1;6;
1869;Normal;62;186157;54;Sa�de;1;1;
1870;Promo��o;37;169381;53;Entretenimento;0;4;
1871;Normal;68;110195;47;Constru��o;9;2;
1872;Promo��o;63;81199;88;Entretenimento;1;2;
1873;Promo��o;15;58459;63;Executivo;0;6;
1874;Promo��o;44;173682;100;Artista;12;6;
1875;Normal;18;162983;28;Entretenimento;0;6;
1876;Normal;30;94480;1;Executivo;0;4;
1877;Promo��o;69;168710;76;Doutor;1;4;
1878;Normal;16;150193;83;Engenheiro;2;2;
1879;Promo��o;71;91823;82;Artista;1;4;
1880;Promo��o;24;173091;32;Entretenimento;6;2;
1881;Normal;57;102692;94;Sa�de;0;2;
1882;Normal;97;156812;77;Sa�de;0;6;
1883;Normal;68;51468;60;Artista;0;3;
1884;Promo��o;11;114071;33;Sa�de;0;2;
1885;Promo��o;63;155638;77;;1;4;
1886;Normal;68;129971;73;Artista;8;3;
1887;Promo��o;69;104160;73;Engenheiro;4;4;
1888;Promo��o;77;124995;62;Sa�de;0;1;
1889;Promo��o;73;180437;58;Entretenimento;1;5;
1890;Promo��o;19;134644;92;Executivo;1;2;
1891;Promo��o;1;130089;55;Artista;0;5;
1892;Normal;71;149318;39;Artista;4;1;
1893;Normal;6;125591;52;Sa�de;0;6;
1894;Promo��o;68;173047;13;Sa�de;0;3;
1895;Promo��o;39;61298;99;Artista;0;5;
1896;Normal;75;132993;67;Entretenimento;8;2;
1897;Promo��o;65;72313;32;Advogado;1;5;
1898;Promo��o;30;84885;17;Entretenimento;6;5;
1899;Normal;46;126228;100;Marketing;8;2;
1900;Normal;40;51199;29;Executivo;7;7;
1901;Promo��o;40;54631;78;Artista;0;6;
1902;Promo��o;20;131810;12;Sa�de;5;7;
1903;Normal;88;138482;64;Marketing;8;4;
1904;Normal;85;74081;87;Sa�de;4;3;
1905;Normal;94;112426;54;Engenheiro;9;6;
1906;Promo��o;52;164038;49;;5;4;
1907;Promo��o;68;53552;98;Marketing;7;6;
1908;Normal;15;142147;90;Artista;8;4;
1909;Normal;4;180324;33;Artista;0;2;
1910;Normal;59;149067;78;Doutor;9;7;
1911;Normal;32;184408;50;Entretenimento;6;7;
1912;Promo��o;8;59116;40;Artista;0;6;
1913;Promo��o;92;174786;90;Executivo;4;3;
1914;Normal;9;71076;1;Artista;0;1;
1915;Promo��o;41;56837;1;Sa�de;8;4;
1916;Promo��o;18;134752;43;Engenheiro;6;5;
1917;Promo��o;78;112887;88;Entretenimento;9;6;
1918;Promo��o;0;73128;62;Artista;0;5;
1919;Promo��o;11;152765;13;Sa�de;8;1;
1920;Promo��o;36;140637;15;Executivo;8;7;
1921;Normal;46;137973;50;Sa�de;7;7;
1922;Promo��o;95;126791;42;Artista;6;4;
1923;Promo��o;97;75125;85;Executivo;8;3;
1924;Normal;2;101718;1;Executivo;0;3;
1925;Promo��o;94;69654;26;Constru��o;4;4;
1926;Promo��o;0;105935;15;Doutor;0;5;
1927;Normal;3;74607;42;Sa�de;0;1;
1928;Normal;77;151985;29;Sa�de;4;7;
1929;Normal;70;76892;64;Executivo;5;2;
1930;Normal;58;87602;25;Executivo;5;3;
1931;Normal;72;182317;46;Sa�de;8;6;
1932;Normal;90;158280;92;Executivo;6;7;
1933;Promo��o;23;59905;75;;7;5;
1934;Promo��o;87;128153;50;Artista;7;6;
1935;Normal;64;142612;58;Doutor;4;6;
1936;Promo��o;15;180163;12;Doutor;10;7;
1937;Promo��o;14;68009;25;Artista;9;3;
1938;Normal;54;166183;77;Artista;7;6;
1939;Normal;76;132537;44;Doutor;5;3;
1940;Promo��o;76;146308;57;Artista;5;1;
1941;Promo��o;52;63454;46;Artista;5;5;
1942;Normal;96;110519;18;Artista;9;4;
1943;Promo��o;55;66728;53;Sa�de;10;5;
1944;Promo��o;54;170638;72;Artista;4;5;
1945;Normal;19;129635;100;Artista;6;4;
1946;Normal;29;133587;79;Marketing;5;3;
1947;Normal;96;126225;47;Engenheiro;7;4;
1948;Promo��o;20;148776;29;Artista;8;5;
1949;Promo��o;91;142602;60;Advogado;7;6;
1950;Normal;37;102413;38;Sa�de;5;5;
1951;Normal;42;68765;81;Entretenimento;4;1;
1952;Normal;1;57522;74;Artista;0;5;
1953;Promo��o;58;149237;88;Entretenimento;8;6;
1954;Promo��o;42;184844;32;Entretenimento;6;1;
1955;Promo��o;48;131656;41;Advogado;9;6;
1956;Promo��o;11;181026;40;Marketing;6;2;
1957;Normal;59;101698;99;Artista;9;3;
1958;Promo��o;45;152560;40;Entretenimento;9;2;
1959;Normal;73;142502;97;Doutor;5;1;
1960;Promo��o;85;155432;17;Engenheiro;4;6;
1961;Promo��o;70;108544;57;Entretenimento;4;5;
1962;Promo��o;52;106530;42;Engenheiro;7;2;
1963;Normal;70;124359;51;Constru��o;7;7;
1964;Promo��o;88;146970;98;Artista;7;6;
1965;Normal;61;182176;100;Artista;9;5;
1966;Promo��o;46;114435;42;Artista;8;3;
1967;Normal;65;134213;32;Constru��o;8;4;
1968;Promo��o;84;115580;81;Entretenimento;8;5;
1969;Promo��o;76;124034;91;Executivo;10;2;
1970;Normal;31;67894;42;Doutor;9;1;
1971;Normal;55;107099;89;Executivo;4;6;
1972;Normal;45;140263;100;Entretenimento;10;5;
1973;Normal;98;104249;12;Engenheiro;5;2;
1974;Normal;40;168821;36;Executivo;4;5;
1975;Promo��o;14;153145;55;Sa�de;8;6;
1976;Promo��o;41;128960;39;Executivo;9;4;
1977;Normal;60;127438;82;Engenheiro;7;2;
1978;Normal;60;125968;100;Advogado;8;2;
1979;Normal;84;104589;100;Artista;10;2;
1980;Normal;0;165321;66;Doutor;0;1;
1981;Promo��o;10;86925;64;Artista;0;2;
1982;Promo��o;62;149797;27;Artista;5;6;
1983;Normal;33;137094;68;Advogado;4;1;
1984;Promo��o;52;55395;49;Marketing;10;1;
1985;Promo��o;2;153622;20;Advogado;0;6;
1986;Normal;27;74050;56;Entretenimento;8;1;
1987;Promo��o;4;68094;30;Doutor;0;7;
1988;Normal;63;59244;92;Artista;7;1;
1989;Promo��o;54;118944;85;Artista;4;4;
1990;Promo��o;47;75293;51;Doutor;6;7;
1991;Promo��o;30;166983;77;Artista;7;3;
1992;Promo��o;97;129444;100;Entretenimento;5;6;
1993;Normal;94;181183;29;Marketing;9;3;
1994;Promo��o;64;175254;100;Artista;9;5;
1995;Promo��o;19;54121;85;Engenheiro;6;3;
1996;Promo��o;71;184387;48;Artista;8;7;
1997;Promo��o;91;73158;28;Doutor;7;7;
1998;Normal;87;90961;14;Sa�de;9;2;
1999;Normal;77;182109;4;Executivo;7;2;
2000;Normal;90;110610;64;Entretenimento;5;2;
